@@,concept,name,concept_type,domain,indicator_url,color,scales,drill_up,unit,interpolation,description,tags
->,agriculture_percent_of_gdp,Agriculture,measure,,https://docs.google.com/spreadsheet/pub?key=0AkBd6lyS3EmpdFhPbDdCTTYxM1dGc21UdE9sSkp1WEE,,"[""linear"", ""log""]",,"% of GDP",,"Agriculture includes forestry, hunting, and fishing, as well as cultivation of crops and livestock production. Value added is the net output of a sector after adding up all outputs and subtracting intermediate inputs. It is calculated without making deductions for depreciation of fabricated assets or depletion and degradation of natural resources.->Agriculture corresponds to ISIC divisions 1-5 and includes forestry, hunting, and fishing, as well as cultivation of crops and livestock production. Value added is the net output of a sector after adding up all outputs and subtracting intermediate inputs. It is calculated without making deductions for depreciation of fabricated assets or depletion and degradation of natural resources. The origin of value added is determined by the International Standard Industrial Classification (ISIC), revision 3. Note: For VAB countries, gross value added at factor cost is used as the denominator.",sectors
->,industry_percent_of_gdp,Industry,measure,,https://docs.google.com/spreadsheet/pub?key=0AkBd6lyS3EmpdHA2UEFOYTlUTWtzV29xbHFuMU00SFE,,"[""linear"", ""log""]",,"% of GDP",,"Industry comprises value added in mining, manufacturing (also reported as a separate subgroup), construction, electricity, water, and gas. Value added is the net output of a sector after adding up all outputs and subtracting intermediate inputs. It is calculated without making deductions for depreciation of fabricated assets or depletion and degradation of natural resources. ->Industry corresponds to ISIC divisions 10-45 and includes manufacturing (ISIC divisions 15-37). It comprises value added in mining, manufacturing (also reported as a separate subgroup), construction, electricity, water, and gas. Value added is the net output of a sector after adding up all outputs and subtracting intermediate inputs. It is calculated without making deductions for depreciation of fabricated assets or depletion and degradation of natural resources. The origin of value added is determined by the International Standard Industrial Classification (ISIC), revision 3. Note: For VAB countries, gross value added at factor cost is used as the denominator.",sectors
->,services_percent_of_gdp,Services,measure,,https://docs.google.com/spreadsheet/pub?key=0AkBd6lyS3EmpdHk4eXd4RG5Rb1gtUTB0cUJ3M21qdGc,,"[""linear"", ""log""]",,"% of GDP",,"Services include wholesale and retail trade (including hotels and restaurants), transport, and government, financial, professional, and personal services such as education, health care, and real estate services. Also included are imputed bank service charges, import duties, and any statistical discrepancies noted by national compilers as well as discrepancies arising from rescaling. ->Services correspond to ISIC divisions 50-99 and they include value added in wholesale and retail trade (including hotels and restaurants), transport, and government, financial, professional, and personal services such as education, health care, and real estate services. Also included are imputed bank service charges, import duties, and any statistical discrepancies noted by national compilers as well as discrepancies arising from rescaling. Value added is the net output of a sector after adding up all outputs and subtracting intermediate inputs. It is calculated without making deductions for depreciation of fabricated assets or depletion and degradation of natural resources. The industrial origin of value added is determined by the International Standard Industrial Classification (ISIC), revision 3. Note: For VAB countries, gross value added at factor cost is used as the denominator.",sectors
->,exports_percent_of_gdp,Exports,measure,,https://docs.google.com/spreadsheet/pub?key=0AkBd6lyS3EmpdHZSTVMxaVdxQlFLR3NMbnBEWnVuTXc,,"[""linear"", ""log""]",,"% of GDP",,"Exports of goods and services represent the value of all goods and other market services provided to the rest of the world. They include the value of merchandise, freight, insurance, transport, travel, royalties, license fees, and other services, such as communication, construction, financial, information, business, personal, and government services. They exclude labor and property income (formerly called factor services) as well as transfer payments.->Exports of goods and services represent the value of all goods and other market services provided to the rest of the world. They include the value of merchandise, freight, insurance, transport, travel, royalties, license fees, and other services, such as communication, construction, financial, information, business, personal, and government services. They exclude compensation of employees and investment income (formerly called factor services) and transfer payments.",debt_trade
->,imports_percent_of_gdp,Imports,measure,,https://docs.google.com/spreadsheet/pub?key=0AkBd6lyS3EmpdEhLMVdnUjZ0d05WWkhjT0FjSDIwQmc,,"[""linear"", ""log""]",,"% of GDP",,"Imports of goods and services represent the value of all goods and other market services received from the rest of the world. They include the value of merchandise, freight, insurance, transport, travel, royalties, license fees, and other services, such as communication, construction, financial, information, business, personal, and government services. They exclude labor and property income (formerly called factor services) as well as transfer payments. ->Imports of goods and services represent the value of all goods and other market services received from the rest of the world. They include the value of merchandise, freight, insurance, transport, travel, royalties, license fees, and other services, such as communication, construction, financial, information, business, personal, and government services. They exclude compensation of employees and investment income (formerly called factor services) and transfer payments.",debt_trade
->,arms_exports_us_inflation_adjusted,"Arms exports",measure,,https://docs.google.com/spreadsheet/pub?key=0AkBd6lyS3EmpdGpkU3BSVmw5UXhTMWd6UFc1eXI3Rnc,,"[""linear"", ""log""]",,$,,"Data for some countries are based on partial or uncertain data or rough estimates. Arms transfers cover the supply of military weapons through sales, aid, gifts, and those made through manufacturing licenses. Data cover major conventional weapons such as aircraft, armored vehicles, artillery, radar systems, missiles, and ships designed for military use. Excluded are transfers of other military equipment such as small arms and light weapons, trucks, small artillery, ammunition, support equipment, technology transfers, and other services. In 1990 prices.->Arms transfers cover the supply of military weapons through sales, aid, gifts, and those made through manufacturing licenses. Data cover major conventional weapons such as aircraft, armored vehicles, artillery, radar systems, missiles, and ships designed for military use. Excluded are transfers of other military equipment such as small arms and light weapons, trucks, small artillery, ammunition, support equipment, technology transfers, and other services.",debt_trade
->,arms_imports_us_inflation_adjusted,"Arms imports",measure,,https://docs.google.com/spreadsheet/pub?key=0AkBd6lyS3EmpdEljeENrOXlFXzR3Rm8xT0drTV9YclE,,"[""linear"", ""log""]",,$,,"Data for some countries are based on partial or uncertain data or rough estimates. Arms transfers cover the supply of military weapons through sales, aid, gifts, and those made through manufacturing licenses. Data cover major conventional weapons such as aircraft, armored vehicles, artillery, radar systems, missiles, and ships designed for military use. Excluded are transfers of other military equipment such as small arms and light weapons, trucks, small artillery, ammunition, support equipment, technology transfers, and other services.In 1990 prices,->Arms transfers cover the supply of military weapons through sales, aid, gifts, and those made through manufacturing licenses. Data cover major conventional weapons such as aircraft, armored vehicles, artillery, radar systems, missiles, and ships designed for military use. Excluded are transfers of other military equipment such as small arms and light weapons, trucks, small artillery, ammunition, support equipment, technology transfers, and other services.",debt_trade
->,merchandise_trade_percent_of_gdp,"Merchandise trade",measure,,https://docs.google.com/spreadsheet/pub?key=0AkBd6lyS3EmpdDJFSzRHa3g1Q29BOWlla0tTOEFyVGc,,"[""linear"", ""log""]",,"% of GDP",,"Merchandise trade as a share of GDP is the sum of merchandise exports and imports divided by the value of GDP, all in current U. S. dollars. ->Merchandise trade as a share of GDP is the sum of merchandise exports and imports divided by the value of GDP, all in current U.S. dollars.",debt_trade
->,trade_balance_us_not_inflation_adjusted,"Trade balance",measure,,https://docs.google.com/spreadsheet/pub?key=0AkBd6lyS3EmpdEF6VzlKTzNCNjRnT0ZzMDg5a1d1Z3c,,"[""linear"", ""log""]",,"$, not infl.-adjusted",,"The value of exports of goods and services minus the value of imports of goods and services. Measured in US$.->External balance on goods and services (formerly resource balance) equals exports of goods and services minus imports of goods and services (previously nonfactor services). Data are in current U.S. dollars.",debt_trade
...,...,...,...,...,...,...,...,...,...,...,...,...
->,market_value_of_listed_companies_percent_of_gdp,"Market value of listed companies",measure,,http://spreadsheets.google.com/pub?key=pyj6tScZqmEfMkeuokDLVIQ,,"[""linear"", ""log""]",,"% of GDP",,"Market capitalization (also known as market value) is the share price times the number of shares outstanding. Listed domestic companies are the domestically incorporated companies listed on the country's stock exchanges at the end of the year. Listed companies does not include investment companies, mutual funds, or other collective investment vehicles.->Market capitalization (also known as market value) is the share price times the number of shares outstanding (including their several classes) for listed domestic companies. Investment funds, unit trusts, and companies whose only business goal is to hold shares of other listed companies are excluded. Data are end of year values.",economic_situation
->,military_expenditure_percent_of_gdp,"Military expenditure",measure,,https://docs.google.com/spreadsheet/pub?key=0AkBd6lyS3EmpdDNPQjFBT2s5Zko3U2V0NFQzS3owRnc,,"[""linear"", ""log""]",,"% of GDP",,"Data, from SIPRI, are derived from the NATO definition, which includes all current and capital expenditures on the armed forces, including peacekeeping forces; defense ministries and other government agencies engaged in defense projects; paramilitary forces, if these are judged to be trained and equipped for military operations; and military space activities. ->Military expenditures data from SIPRI are derived from the NATO definition, which includes all current and capital expenditures on the armed forces, including peacekeeping forces; defense ministries and other government agencies engaged in defense projects; paramilitary forces, if these are judged to be trained and equipped for military operations; and military space activities. Such expenditures include military and civil personnel, including retirement pensions of military personnel and social services for personnel; operation and maintenance; procurement; military research and development; and military aid (in the military expenditures of the donor country). Excluded are civil defense and current expenditures for previous military activities, such as for veterans' benefits, demobilization, conversion, and destruction of weapons. This definition cannot be applied for all countries, however, since that would require much more detailed information than is available about what is included in military budgets and off-budget military expenditure items. (For example, military budgets might or might not cover civil defense, reserves and auxiliary forces, police and paramilitary forces, dual-purpose forces such as military and civilian police, military grants in kind, pensions for military personnel, and social security contributions paid by one part of government to another.)",war_peace
->,ratio_of_girls_to_boys_in_primary_and_secondary_education_perc,"Ratio girls/boys in school",measure,,http://spreadsheets.google.com/pub?key=pyj6tScZqmEcWM3hb0x-BZA,,"[""linear"", ""log""]",,"primary and secondary education, %->primary and secondary education, gross ratio",,"Break in series between 1997 and 1998 due to change from International Standard Classification of Education (ISCED76) to ISCED97. Recent data are provisional. Ratio of girls to boys in primary and secondary education is the percentage of girls to boys enrolled at primary and secondary levels in public and private schools.->Gender parity index for gross enrollment ratio in primary and secondary education is the ratio of girls to boys enrolled at primary and secondary levels in public and private schools.",gender_equality
->,co2_intensity_of_economic_output_kg_co2_per_2005_ppp_of_gdp->co2_intensity_of_economic_output_kg_co2_per_2011_ppp_of_gdp,"CO2 intensity of economic output",measure,,https://docs.google.com/spreadsheet/pub?key=0AkBd6lyS3EmpdEVUcEJVRzlFWWRRcjhveGlrQzdwdUE,,"[""linear"", ""log""]",,"kg CO2 per $ of GDP",,"Measures the amount of CO2 (kg) emitted for every dollar of GDP (constant purchasing power parity-adjusted) produced.",emissions
...,...,...,...,...,...,...,...,...,...,...,...,...
->,agricultural_land_percent_of_land_area,"Agricultural land",measure,,https://docs.google.com/spreadsheet/pub?key=0AkBd6lyS3EmpdEF3alRGS0JQZVgwSW1FWUxUQmZoWXc,,"[""linear"", ""log""]",,"% of land area",,"Agricultural land refers to the share of land area that is arable, under permanent crops, and under permanent pastures. Includes land under temporary crops, temporary meadows for mowing or for pasture, land under market or kitchen gardens, and land temporarily fallow. It excludes land under trees grown for wood or timber.->Agricultural land refers to the share of land area that is arable, under permanent crops, and under permanent pastures. Arable land includes land defined by the FAO as land under temporary crops (double-cropped areas are counted once), temporary meadows for mowing or for pasture, land under market or kitchen gardens, and land temporarily fallow. Land abandoned as a result of shifting cultivation is excluded. Land under permanent crops is land cultivated with crops that occupy the land for long periods and need not be replanted after each harvest, such as cocoa, coffee, and rubber. This category includes land under flowering shrubs, fruit trees, nut trees, and vines, but excludes land under trees grown for wood or timber. Permanent pasture is land used for five or more years for forage, including natural and cultivated crops.",geography
->,forest_area_sq_km,"Forest area",measure,,https://docs.google.com/spreadsheet/pub?key=0AkBd6lyS3EmpdFRuaV91Mm9JeUhwR1hHRXJhV3ZBQkE,,"[""linear"", ""log""]",,"sq. km",,"Forest area is land under natural or planted stands of trees, whether productive or not.->Forest area is land under natural or planted stands of trees of at least 5 meters in situ, whether productive or not, and excludes tree stands in agricultural production systems (for example, in fruit plantations and agroforestry systems) and trees in urban parks and gardens.",geography
->,surface_area_sq_km,"Surface area",measure,,https://docs.google.com/spreadsheet/pub?key=0AkBd6lyS3EmpdFFWcWdEM0RXT1lRZ0wwRVNsakZCaWc,,"[""linear"", ""log""]",,"sq. km",,"A country's total area, including areas under inland bodies of water and some coastal waterways.->Surface area is a country's total area, including areas under inland bodies of water and some coastal waterways.",geography
...,...,...,...,...,...,...,...,...,...,...,...,...
->,medical_doctors_per_1000_people,"Medical Doctors",measure,,http://spreadsheets.google.com/pub?key=phAwcNAVuyj2yo1IzJQmbZg,,"[""linear"", ""log""]",,"per 1 000 people",,"Medical Doctors (physicians) working in any medical field per 1,000 people. ->Physicians include generalist and specialist medical practitioners.",health_economics
...,...,...,...,...,...,...,...,...,...,...,...,...
->,extreme_poverty_percent_people_below_125_a_day->extreme_poverty_percent_people_below_190_a_day,"Extreme poverty",measure,,http://spreadsheets.google.com/pub?key=t1YAVXUoD3iJKy2mSq2Padw,,"[""linear"", ""log""]",,"% people below $1.25 a day",,"The percentage of people living on less than $1.25 (2005 purchasing power parity dollars).",poverty_inequality
->,gnipercapita_atlasmethod_current_us,"GNI/capita (Atlas method)",measure,,https://docs.google.com/spreadsheet/pub?key=0ArfEDsV3bBwCdFVrVDZQUnRwZ2lqT2lPMXcySXZwRmc,,"[""log"", ""linear""]",,$,,"GNI per capita, Atlas method (current US$)->GNI per capita (formerly GNP per capita) is the gross national income, converted to U.S. dollars using the World Bank Atlas method, divided by the midyear population. GNI is the sum of value added by all resident producers plus any product taxes (less subsidies) not included in the valuation of output plus net receipts of primary income (compensation of employees and property income) from abroad. GNI, calculated in national currency, is usually converted to U.S. dollars at official exchange rates for comparisons across economies, although an alternative rate is used when the official exchange rate is judged to diverge by an exceptionally large margin from the rate actually applied in international transactions. To smooth fluctuations in prices and exchange rates, a special Atlas method of conversion is used by the World Bank. This applies a conversion factor that averages the exchange rate for a given year and the two preceding years, adjusted for differences in rates of inflation between the country, and through 2000, the G-5 countries (France, Germany, Japan, the United Kingdom, and the United States). From 2001, these countries include the Euro area, Japan, the United Kingdom, and the United States.",incomes_growth
->,gnipercapita_ppp_current_international,"GNI/capita PPP",measure,,https://docs.google.com/spreadsheet/pub?key=0ArfEDsV3bBwCdGhJcHAwanc2aFdZeXl1WTVZQnJjb1E,,"[""log"", ""linear""]",,$,,"GNI per capita, PPP (current international $)->GNI per capita based on purchasing power parity (PPP). PPP GNI is gross national income (GNI) converted to international dollars using purchasing power parity rates. An international dollar has the same purchasing power over GNI as a U.S. dollar has in the United States. GNI is the sum of value added by all resident producers plus any product taxes (less subsidies) not included in the valuation of output plus net receipts of primary income (compensation of employees and property income) from abroad. Data are in current international dollars based on the 2011 ICP round.",incomes_growth
->,income_share_of_richest_10percent,"Income of richest 10%",measure,,http://spreadsheets.google.com/pub?key=tmKvydPl_roGIQBrMYA6C4g,,"[""linear"", ""log""]",,share,,"Percentage share of income or consumption is the share that accrues to subgroups of population indicated by deciles or quintiles. Percentage shares by quintile may not sum to 100 because of rounding. ->Percentage share of income or consumption is the share that accrues to subgroups of population indicated by deciles or quintiles.",poverty_inequality
->,gnipercapita_constant_2000_us->gnipercapita_constant_2010_us,GNI/capita,measure,,https://docs.google.com/spreadsheet/pub?key=0ArfEDsV3bBwCdFdqZ0NOdjluMmoyUTBTWTRjWWQzQVE,,"[""log"", ""linear""]",,$,,"GNI per capita (constant 2000 US$)",incomes_growth
->,aid_received_total_us_inflation_adjusted,"Aid received",measure,,https://docs.google.com/spreadsheet/pub?key=0AkBd6lyS3EmpdHVuNVpKdnNCa08yV3NOd0Zsal9JaWc,,"[""linear"", ""log""]",,$,,"The sum of aid each recepient country gets during this year from all donor countries in all sectors, expressed in fixed 2007 US$.->Net official development assistance (ODA) consists of disbursements of loans made on concessional terms (net of repayments of principal) and grants by official agencies of the members of the Development Assistance Committee (DAC), by multilateral institutions, and by non-DAC countries to promote economic development and welfare in countries and territories in the DAC list of ODA recipients. It includes loans with a grant element of at least 25 percent (calculated at a rate of discount of 10 percent). Data are in constant 2012 U.S. dollars.",aid_received
->,aid_received_per_person_current_us,"Aid received per person",measure,,http://spreadsheets.google.com/pub?key=t9GL1nIZdtxszJbjKErN2Hg,,"[""log"", ""linear""]",,$,,"The average amount of aid each person in the recepient country gets during this year from all donor countries in all sectors, expressed in current US$.->Net official development assistance (ODA) per capita consists of disbursements of loans made on concessional terms (net of repayments of principal) and grants by official agencies of the members of the Development Assistance Committee (DAC), by multilateral institutions, and by non-DAC countries to promote economic development and welfare in countries and territories in the DAC list of ODA recipients; and is calculated by dividing net ODA received by the midyear population estimate. It includes loans with a grant element of at least 25 percent (calculated at a rate of discount of 10 percent).",aid_received
->,aid_received_percent_of_gni,"Aid received, % of GNI",measure,,http://spreadsheets.google.com/pub?key=tzK6dx2JltRfVXFI1ADh84w,,"[""linear"", ""log""]",,,,"Percentage of the gross national income (GNI) of each recepient country that comes from official development assistance (ODA) aid during this year. ->Net official development assistance (ODA) consists of disbursements of loans made on concessional terms (net of repayments of principal) and grants by official agencies of the members of the Development Assistance Committee (DAC), by multilateral institutions, and by non-DAC countries to promote economic development and welfare in countries and territories in the DAC list of ODA recipients. It includes loans with a grant element of at least 25 percent (calculated at a rate of discount of 10 percent).",aid_received
->,debt_to_foreigners_by_public_and_private_percent_of_gni,"Debt to foreigners",measure,,https://docs.google.com/spreadsheet/pub?key=0AkBd6lyS3EmpdDlSTTVWUkU3Z254aEhERmVuQWZaeWc,,"[""linear"", ""log""]",,"public & private, % of GNI",,"External debt, total (% of GNI)->Total external debt stocks to gross national income. Total external debt is debt owed to nonresidents repayable in currency, goods, or services. Total external debt is the sum of public, publicly guaranteed, and private nonguaranteed long-term debt, use of IMF credit, and short-term debt. Short-term debt includes all debt having an original maturity of one year or less and interest in arrears on long-term debt. GNI (formerly GNP) is the sum of value added by all resident producers plus any product taxes (less subsidies) not included in the valuation of output plus net receipts of primary income (compensation of employees and property income) from abroad.",debt_trade
->,total_reserves_percent_of_debt_to_foreigners,"Total reserves",measure,,https://docs.google.com/spreadsheet/pub?key=0AkBd6lyS3EmpdC1iMVRuVUFUd08tVDM0ZDF0cnFtekE,,"[""linear"", ""log""]",,"% of debt to foreigners",,"Total reserves (% of external debt)->International reserves to total external debt stocks.",debt_trade
->,total_gdp_us_inflation_adjusted,"Total GDP",measure,,http://spreadsheets.google.com/pub?key=pyj6tScZqmEfI4sLVvEQtHw,,"[""log"", ""linear""]",,$,,"Total GDP (constant exchange rate US$)->GDP at purchaser's prices is the sum of gross value added by all resident producers in the economy plus any product taxes and minus any subsidies not included in the value of the products. It is calculated without making deductions for depreciation of fabricated assets or for depletion and degradation of natural resources. Data are in constant 2010 U.S. dollars. Dollar figures for GDP are converted from domestic currencies using 2010 official exchange rates. For a few countries where the official exchange rate does not reflect the rate effectively applied to actual foreign exchange transactions, an alternative conversion factor is used.",incomes_growth
->,gdppercapita_us_inflation_adjusted,GDP/capita,measure,,https://docs.google.com/spreadsheet/pub?key=0AkBd6lyS3EmpdHo5S0J6ekhVOF9QaVhod05QSGV4T3c,,"[""log"", ""linear""]",,$,,"GDP per capita in exchange rate terms and adjusted for inflation (2000 US$)->GDP per capita is gross domestic product divided by midyear population. GDP is the sum of gross value added by all resident producers in the economy plus any product taxes and minus any subsidies not included in the value of the products. It is calculated without making deductions for depreciation of fabricated assets or for depletion and degradation of natural resources. Data are in constant 2010 U.S. dollars.",incomes_growth
->,gdppercapita_growth_percent_per_year,"GDP/capita growth",measure,,https://docs.google.com/spreadsheet/pub?key=0AkBd6lyS3EmpdEdDWHhBcFpjMUo4MGE2X2Q4WXFQRGc,,"[""linear"", ""log""]",,"% per year",,"Annual growth in GDP pc. Based on World Bank data.->Annual percentage growth rate of GDP per capita based on constant local currency. Aggregates are based on constant 2010 U.S. dollars. GDP per capita is gross domestic product divided by midyear population. GDP at purchaser's prices is the sum of gross value added by all resident producers in the economy plus any product taxes and minus any subsidies not included in the value of the products. It is calculated without making deductions for depreciation of fabricated assets or for depletion and degradation of natural resources.",alternative_gdp_data
->,total_gni_ppp_current_international,"Total GNI",measure,,https://docs.google.com/spreadsheet/pub?key=0ArfEDsV3bBwCdFl6cDkxcmZxM0pVNXBUYjE1ZmNqVUE,,"[""log"", ""linear""]",,"PPP, current international $",,"PPP GNI (formerly PPP GNP) is gross national income converted to international dollars using purchasing power parity rates. An international dollar has the same purchasing power over GNI as a U.S. dollar has in the United States.->PPP GNI (formerly PPP GNP) is gross national income (GNI) converted to international dollars using purchasing power parity rates. An international dollar has the same purchasing power over GNI as a U.S. dollar has in the United States. Gross national income is the sum of value added by all resident producers plus any product taxes (less subsidies) not included in the valuation of output plus net receipts of primary income (compensation of employees and property income) from abroad. Data are in current international dollars. For most economies PPP figures are extrapolated from the 2011 International Comparison Program (ICP) benchmark estimates or imputed using a statistical model based on the 2011 ICP. For 47 high- and upper middle-income economies conversion factors are provided by Eurostat and the Organisation for Economic Co-operation and Development (OECD).",incomes_growth
->,income_share_of_richest_20percent,"Income of richest 20%",measure,,http://spreadsheets.google.com/pub?key=tLnCxItXzRSu9gH-5PyEFDw,,"[""linear"", ""log""]",,share,,"Percentage share of income or consumption is the share that accrues to subgroups of population indicated by deciles or quintiles. Percentage shares by quintile may not sum to 100 because of rounding. ->Percentage share of income or consumption is the share that accrues to subgroups of population indicated by deciles or quintiles. Percentage shares by quintile may not sum to 100 because of rounding.",poverty_inequality
->,income_share_of_2nd_richest_20percent,"Income of 2nd richest 20%",measure,,http://spreadsheets.google.com/pub?key=twSOUYrIFh2W2snDUt7VaQg,,"[""linear"", ""log""]",,share,,"Percentage share of income or consumption is the share that accrues to subgroups of population indicated by deciles or quintiles. Percentage shares by quintile may not sum to 100 because of rounding. ->Percentage share of income or consumption is the share that accrues to subgroups of population indicated by deciles or quintiles. Percentage shares by quintile may not sum to 100 because of rounding.",poverty_inequality
->,income_share_of_middle_20percent,"Income of middle 20%",measure,,http://spreadsheets.google.com/pub?key=t_-14NtXH6xZX48xHG75z5w,,"[""linear"", ""log""]",,share,,"Percentage share of income or consumption is the share that accrues to subgroups of population indicated by deciles or quintiles. Percentage shares by quintile may not sum to 100 because of rounding. ->Percentage share of income or consumption is the share that accrues to subgroups of population indicated by deciles or quintiles. Percentage shares by quintile may not sum to 100 because of rounding.",poverty_inequality
->,income_share_of_2nd_poorest_20percent,"Income of 2nd poorest 20%",measure,,http://spreadsheets.google.com/pub?key=tXRyZGCfHsWMmr53VFxrqTw,,"[""linear"", ""log""]",,share,,"Percentage share of income or consumption is the share that accrues to subgroups of population indicated by deciles or quintiles. Percentage shares by quintile may not sum to 100 because of rounding. ->Percentage share of income or consumption is the share that accrues to subgroups of population indicated by deciles or quintiles. Percentage shares by quintile may not sum to 100 because of rounding.",poverty_inequality
->,income_share_of_poorest_20percent,"Income of poorest 20%",measure,,http://spreadsheets.google.com/pub?key=pyj6tScZqmEdIyrBS31XAaw,,"[""linear"", ""log""]",,share,,"Percentage share of income or consumption is the share that accrues to subgroups of population indicated by deciles or quintiles. Percentage shares by quintile may not sum to 100 because of rounding. ->Percentage share of income or consumption is the share that accrues to subgroups of population indicated by deciles or quintiles. Percentage shares by quintile may not sum to 100 because of rounding.",poverty_inequality
->,income_share_of_poorest_10percent,"Income of poorest 10%",measure,,http://spreadsheets.google.com/pub?key=trzLWJQU4SZMDpeVg3XnL5A,,"[""linear"", ""log""]",,share,,"Percentage share of income or consumption is the share that accrues to subgroups of population indicated by deciles or quintiles. Percentage shares by quintile may not sum to 100 because of rounding. ->Percentage share of income or consumption is the share that accrues to subgroups of population indicated by deciles or quintiles.",poverty_inequality
->,investments_percent_of_gdp,Investments,measure,,https://docs.google.com/spreadsheet/pub?key=0AkBd6lyS3EmpdG9sVVF6dHpGdnhQU3BkMlAtNHFwVkE,,"[""linear"", ""log""]",,"% of GDP",,"Outlays on additions to the fixed assets of the economy plus net changes in the level of inventories. Fixed assets include land improvements (fences, ditches, drains, and so on); plant, machinery, and equipment purchases; and the construction of roads, railways, and the like, including schools, offices, hospitals, private residential dwellings, and commercial and industrial buildings. Inventories are stocks of goods held by firms to meet temporary or unexpected fluctuations in production or sales, and ""work in progress"".->Gross capital formation (formerly gross domestic investment) consists of outlays on additions to the fixed assets of the economy plus net changes in the level of inventories. Fixed assets include land improvements (fences, ditches, drains, and so on); plant, machinery, and equipment purchases; and the construction of roads, railways, and the like, including schools, offices, hospitals, private residential dwellings, and commercial and industrial buildings. Inventories are stocks of goods held by firms to meet temporary or unexpected fluctuations in production or sales, and ""work in progress."" According to the 1993 SNA, net acquisitions of valuables are also considered capital formation.",economic_situation
->,foreign_direct_investment_net_inflows_percent_of_gdp,"Foreign investment inflows",measure,,https://docs.google.com/spreadsheet/pub?key=0AkBd6lyS3EmpdE03VFhRMnBpMGZhQ19Vbk9pMGU5VUE,,"[""linear"", ""log""]",,"direct, % of GDP",,"Net inflows of investment to acquire a lasting management interest (10 percent or more of voting stock) in an enterprise operating in an economy other than that of the investor. It is the sum of equity capital, reinvestment of earnings, other long-term capital, and short-term capital as shown in the balance of payments, as a percentage of GDP.->Foreign direct investment are the net inflows of investment to acquire a lasting management interest (10 percent or more of voting stock) in an enterprise operating in an economy other than that of the investor. It is the sum of equity capital, reinvestment of earnings, other long-term capital, and short-term capital as shown in the balance of payments. This series shows net inflows (new investment inflows less disinvestment) in the reporting economy from foreign investors, and is divided by GDP.",economic_situation
->,foreign_direct_investment_net_outflows_percent_of_gdp,"Foreign investment outflows",measure,,https://docs.google.com/spreadsheet/pub?key=0AkBd6lyS3EmpdHQtSzBhVXA2WTNrVDFleUZvZ0doTUE,,"[""linear"", ""log""]",,"direct, % of GDP",,"Net outflows of investment to acquire a lasting management interest (10 percent or more of voting stock) in an enterprise operating in an economy other than that of the investor. It is the sum of equity capital, reinvestment of earnings, other long-term capital, and short-term capital as shown in the balance of payments, as a percentage of GDP.->Foreign direct investment refers to direct investment equity flows in an economy. It is the sum of equity capital, reinvestment of earnings, and other capital. Direct investment is a category of cross-border investment associated with a resident in one economy having control or a significant degree of influence on the management of an enterprise that is resident in another economy. Ownership of 10 percent or more of the ordinary shares of voting stock is the criterion for determining the existence of a direct investment relationship. This series shows net outflows of investment from the reporting economy to the rest of the world, and is divided by GDP.",economic_situation
->,children_out_of_school_primary,"Children out of primary school",measure,,https://docs.google.com/spreadsheet/pub?key=0AkBd6lyS3EmpdGVSdkZnZWhfMDYybzd6U2p3NkxsZ3c,,"[""linear"", ""log""]",,,,"Break in series between 1997 and 1998 due to change from International Standard Classification of Education (ISCED76) to ISCED97. Recent data are provisional. Children out of school are the number of primary-school-age children not enrolled in primary or secondary school.->Children out of school are the number of primary-school-age children not enrolled in primary or secondary school.",school_enrolment
->,children_out_of_school_primary_female,"Children out of primary school, female",measure,,https://docs.google.com/spreadsheet/pub?key=0AkBd6lyS3EmpdFNPaEhiUDJ0QWZYOEwwQlBSTmtza1E,,"[""linear"", ""log""]",,,,"Break in series between 1997 and 1998 due to change from International Standard Classification of Education (ISCED76) to ISCED97. Recent data are provisional. Children out of school are the number of primary-school-age children not enrolled in primary or secondary school.->Children out of school are the number of primary-school-age children not enrolled in primary or secondary school.",school_enrolment
->,children_out_of_school_primary_male,"Children out of primary school, male",measure,,https://docs.google.com/spreadsheet/pub?key=0AkBd6lyS3EmpdFd5cnQzNU5IYm1vTWtrTWRIX3UxbHc,,"[""linear"", ""log""]",,,,"Break in series between 1997 and 1998 due to change from International Standard Classification of Education (ISCED76) to ISCED97. Recent data are provisional. Children out of school are the number of primary-school-age children not enrolled in primary or secondary school.->Children out of school are the number of primary-school-age children not enrolled in primary or secondary school.",school_enrolment
->,primary_completion_rate_total_percent_of_relevant_age_group,"Primary school completion",measure,,https://docs.google.com/spreadsheet/pub?key=0AkBd6lyS3EmpdEhTN2hlZ05ZczVwZDdVZlF5cUxJb2c,,"[""linear"", ""log""]",,"% of relevant age group",,"Primary completion rate is the percentage of students completing the last year of primary school. It is calculated by taking the total number of students in the last grade of primary school, minus the number of repeaters in that grade, divided by the total number of children of official graduation age.->Primary completion rate, or gross intake ratio to the last grade of primary education, is the number of new entrants (enrollments minus repeaters) in the last grade of primary education, regardless of age, divided by the population at the entrance age for the last grade of primary education. Data limitations preclude adjusting for students who drop out during the final year of primary education.",school_enrolment
->,primary_school_completion_percent_of_boys,"Primary school completion: boys",measure,,https://docs.google.com/spreadsheet/pub?key=0AkBd6lyS3EmpdGhCWnZrTGMwaTl5ek9QS0szMTIwcEE,,"[""linear"", ""log""]",,%,,"Completion rate in primary schooling for boys (percent of boys). ->Primary completion rate, or gross intake ratio to the last grade of primary education, is the number of new entrants (enrollments minus repeaters) in the last grade of primary education, regardless of age, divided by the population at the entrance age for the last grade of primary education. Data limitations preclude adjusting for students who drop out during the final year of primary education.",school_enrolment
->,primary_school_completion_percent_of_girls,"Primary school completion: girls",measure,,https://docs.google.com/spreadsheet/pub?key=0AkBd6lyS3EmpdFVxSEVZVWE1b0l6NWo5NzNTZ2IzWVE,,"[""linear"", ""log""]",,%,,"Completion rate in primary schooling for girls (percent of girls). ->Primary completion rate, or gross intake ratio to the last grade of primary education, is the number of new entrants (enrollments minus repeaters) in the last grade of primary education, regardless of age, divided by the population at the entrance age for the last grade of primary education. Data limitations preclude adjusting for students who drop out during the final year of primary education.",school_enrolment
->,expenditure_per_student_primary_percent_of_gdp_per_person,"Expenditure per student, primary",measure,,https://docs.google.com/spreadsheet/pub?key=0AkBd6lyS3EmpdFJTUEVleTM0cE5jTnlTMk41ajBGclE,,"[""linear"", ""log""]",,"% of GDP/capita",,"Break in series between 1997 and 1998 due to change from International Standard Classification of Education (ISCED76) to ISCED97. Recent data are provisional. Public expenditure per student is the public current spending on education divided by the total number of students by level, as a percentage of GDP per person. Public expenditure (current and capital) includes government spending on educational institutions (both public and private), education administration as well as subsidies for private entities (students/households and other privates entities).->Government expenditure per student is the average general government expenditure (current, capital, and transfers) per student in the given level of education, expressed as a percentage of GDP per capita.",schooling_cost
->,expenditure_per_student_secondary_percent_of_gdp_per_person,"Expenditure per student, secondary",measure,,https://docs.google.com/spreadsheet/pub?key=0AkBd6lyS3EmpdDBuUVIzbWwtaU5helpJVG5BMmxyX1E,,"[""linear"", ""log""]",,"% of GDP/capita",,"Break in series between 1997 and 1998 due to change from International Standard Classification of Education (ISCED76) to ISCED97. Recent data are provisional. Public expenditure per student is the public current spending on education divided by the total number of students by level, as a percentage of GDP per person. Public expenditure (current and capital) includes government spending on educational institutions (both public and private), education administration as well as subsidies for private entities (students/households and other privates entities).->Government expenditure per student is the average general government expenditure (current, capital, and transfers) per student in the given level of education, expressed as a percentage of GDP per capita.",schooling_cost
->,expenditure_per_student_tertiary_percent_of_gdp_per_person,"Expenditure per student, tertiary",measure,,https://docs.google.com/spreadsheet/pub?key=0AkBd6lyS3EmpdDJxdlN6cEtYMjMxdC1XdGdKOXR2bkE,,"[""linear"", ""log""]",,"% of GDP/capita",,"Break in series between 1997 and 1998 due to change from International Standard Classification of Education (ISCED76) to ISCED97. Recent data are provisional. Public expenditure per student is the public current spending on education divided by the total number of students by level, as a percentage of GDP per person. Public expenditure (current and capital) includes government spending on educational institutions (both public and private), education administration as well as subsidies for private entities (students/households and other privates entities).->Government expenditure per student is the average general government expenditure (current, capital, and transfers) per student in the given level of education, expressed as a percentage of GDP per capita.",schooling_cost
->,energy_use_per_person,"Energy use per person",measure,,https://docs.google.com/spreadsheet/pub?key=0AkBd6lyS3EmpdHRmYjJWLVF0SjlQY1N5Vm9yU0xxaGc,,"[""linear"", ""log""]",,"tons in oil eqv->KG in oil eqv",,"Energy use refers to use of primary energy before transformation to other end-use fuels, which is equal to indigenous production plus imports and stock changes, minus exports and fuels supplied to ships and aircraft engaged in international transport, counted in tonnes of oil equivalent (toe).->Energy use refers to use of primary energy before transformation to other end-use fuels, which is equal to indigenous production plus imports and stock changes, minus exports and fuels supplied to ships and aircraft engaged in international transport.",total
->,pump_price_for_gasoline_us_per_liter,"Pump price for gasoline",measure,,http://spreadsheets.google.com/pub?key=pyj6tScZqmEdz8B4njtoHPA,,"[""linear"", ""log""]",,$/liter,,"Fuel prices refer to the pump prices of the most widely sold grade of gasoline. ->Fuel prices refer to the pump prices of the most widely sold grade of gasoline. Prices have been converted from the local currency to U.S. dollars.",energy
->,electricity_use_per_person,"Electricity use per person",measure,,http://spreadsheets.google.com/pub?key=tiVeyAJd7iRWorOwl_ARWEQ,,"[""linear"", ""log""]",,kWh,,"The amount of electricity consumed per person during the given year, counted in kilowatt-hours (kWh).->Electric power consumption measures the production of power plants and combined heat and power plants less transmission, distribution, and transformation losses and own use by heat and power plants.",electricity
->,births_attended_by_skilled_health_staff_percent_of_total,"Births attended by skilled health staff",measure,,https://docs.google.com/spreadsheet/pub?key=0AkBd6lyS3EmpdF9OQ2dSSG5nNFhpS3RnRVZHUzZMb3c,,"[""linear"", ""log""]",,%,,"The percentage of deliveries attended by personnel (including doctors, nurses and midwives) trained to give the necessary supervision, care, and advice to women during pregnancy, labor, and the postpartum period; to conduct deliveries on their own; and to care for newborns.->Births attended by skilled health staff are the percentage of deliveries attended by personnel trained to give the necessary supervision, care, and advice to women during pregnancy, labor, and the postpartum period; to conduct deliveries on their own; and to care for newborns.",maternal_health
->,contraceptive_use_percent_of_women_ages_15_49,"Contraceptive use",measure,,https://docs.google.com/spreadsheet/pub?key=0AkBd6lyS3EmpdFp2OENYMUVKWnY1dkJLRXAtYnI3UVE,,"[""linear"", ""log""]",,"% of women ages 15-49",,"Contraceptive prevalence rate is the percentage of women who are practicing, or whose sexual partners are practicing, any form of contraception. It is usually measured for married women ages 15-49 only.->Contraceptive prevalence rate is the percentage of women who are practicing, or whose sexual partners are practicing, any form of contraception. It is usually measured for women ages 15-49 who are married or in union.",maternal_health
...,...,...,...,...,...,...,...,...,...,...,...,...
->,malnutrition_weight_for_age_percent_of_children_under_5,"Malnutrition of children",measure,,https://docs.google.com/spreadsheet/pub?key=0AkBd6lyS3EmpdGhpWDY5QVlOdUxpVGhaMVlUOE9iX0E,,"[""linear"", ""log""]",,"%, age 5-",,"The percentage of children under age 5 whose weight for age is more than two standard deviations below the median for the 2006 WHO international reference population. ->Prevalence of underweight children is the percentage of children under age 5 whose weight for age is more than two standard deviations below the median for the international reference population ages 0-59 months. The data are based on the WHO's new child growth standards released in 2006.",nutrition
...,...,...,...,...,...,...,...,...,...,...,...,...
->,broadband_subscribers,Broadband,measure,,https://docs.google.com/spreadsheet/pub?key=0AkBd6lyS3EmpdEpMTHBoMmNzcDVCNVRHWE5zSVJVRHc,,"[""linear"", ""log""]",,"total subscribers",,"Broadband subscribers are the total number of broadband subscribers with a digital subscriber line, cable modem, or other high-speed technologies, although definitions may vary from country to country. ->Fixed broadband subscriptions refers to fixed subscriptions to high-speed access to the public Internet (a TCP/IP connection), at downstream speeds equal to, or greater than, 256 kbit/s. This includes cable modem, DSL, fiber-to-the-home/building, other fixed (wired)-broadband subscriptions, satellite broadband and terrestrial fixed wireless broadband. This total is measured irrespective of the method of payment. It excludes subscriptions that have access to data communications (including the Internet) via mobile-cellular networks. It should include fixed WiMAX and any other fixed wireless technologies. It includes both residential subscriptions and subscriptions for organizations.",communication
->,broadband_subscribers_per_100_people,"Broadband per 100 people",measure,,https://docs.google.com/spreadsheet/pub?key=0AkBd6lyS3EmpdHdmMGVNNnV1SHBONDRTdTJzTVBKQXc,,"[""linear"", ""log""]",,,,"Broadband subscribers are the total number of broadband subscribers with a digital subscriber line, cable modem, or other high-speed technologies, although definitions may vary from country to country. ->Fixed broadband subscriptions refers to fixed subscriptions to high-speed access to the public Internet (a TCP/IP connection), at downstream speeds equal to, or greater than, 256 kbit/s. This includes cable modem, DSL, fiber-to-the-home/building, other fixed (wired)-broadband subscriptions, satellite broadband and terrestrial fixed wireless broadband. This total is measured irrespective of the method of payment. It excludes subscriptions that have access to data communications (including the Internet) via mobile-cellular networks. It should include fixed WiMAX and any other fixed wireless technologies. It includes both residential subscriptions and subscriptions for organizations.",communication
->,cell_phones_total,"Cell phones",measure,,https://docs.google.com/spreadsheet/pub?key=0AkBd6lyS3EmpdEhWLWtqNzljbWg4ZXV6M09JQXNGaUE,,"[""linear"", ""log""]",,total,,"The number of subscribers to a service providing access to the telephone network using cellular technology. ->Mobile cellular telephone subscriptions are subscriptions to a public mobile telephone service that provide access to the PSTN using cellular technology. The indicator includes (and is split into) the number of postpaid subscriptions, and the number of active prepaid accounts (i.e. that have been used during the last three months). The indicator applies to all mobile cellular subscriptions that offer voice communications. It excludes subscriptions via data cards or USB modems, subscriptions to public mobile data services, private trunked mobile radio, telepoint, radio paging and telemetry services.",communication
->,cell_phones_per_100_people,"Cell phones per 100 people",measure,,https://docs.google.com/spreadsheet/pub?key=0AkBd6lyS3EmpdG1MSjEyS0h2QjRQZ3FXRVR2dVQyeFE,,"[""linear"", ""log""]",,,,"The number of subscribers per 100 people to a service providing access to the telephone network using cellular technology. ->Mobile cellular telephone subscriptions are subscriptions to a public mobile telephone service that provide access to the PSTN using cellular technology. The indicator includes (and is split into) the number of postpaid subscriptions, and the number of active prepaid accounts (i.e. that have been used during the last three months). The indicator applies to all mobile cellular subscriptions that offer voice communications. It excludes subscriptions via data cards or USB modems, subscriptions to public mobile data services, private trunked mobile radio, telepoint, radio paging and telemetry services.",communication
->,internet_users_per_100_people,"Internet users per 100 people",measure,,https://docs.google.com/spreadsheet/pub?key=0AkBd6lyS3EmpdGwzSGV5OE9FOGhURlhTdEQtMW1TNkE,,"[""linear"", ""log""]",,,,"Internet users are people with access to the worldwide network.->Internet users are individuals who have used the Internet (from any location) in the last 12 months. Internet can be used via a computer, mobile phone, personal digital assistant, games machine, digital TV etc.",communication
->,improved_sanitation_overall_access_percent,"Improved sanitation, overall",measure,,https://spreadsheets.google.com/pub?key=0ArfEDsV3bBwCdE4tekJPYkR4WmJqYTRPWjc3OTl4WUE,,"[""linear"", ""log""]",,%,,"The percentage of the total population with access to facilities that hygienically separate human excreta from human contact. Improved facilities include flush/pour flush toilets or latrines connected to a sewer, -septic tank, or -pit, ventilated improved pit latrines, pit latrines with a slab or platform of any material which covers the pit entirely, except for the drop hole and composting toilets/latrines. Unimproved facilities include public or shared facilities of an otherwise acceptable type, flush/pour-flush toilets or latrines which discharge directly into an open sewer or ditch, pit latrines without a slab, bucket latrines, hanging toilets or latrines which directly discharge in water bodies or in the open and the practice of open defecation in the bush, field or bodies or water.->Access to improved sanitation facilities refers to the percentage of the population using improved sanitation facilities. Improved sanitation facilities are likely to ensure hygienic separation of human excreta from human contact. They include flush/pour flush (to piped sewer system, septic tank, pit latrine), ventilated improved pit (VIP) latrine, pit latrine with slab, and composting toilet.",sanitation
->,improved_sanitation_urban_access_percent,"Improved sanitation, urban",measure,,http://spreadsheets.google.com/pub?key=pyj6tScZqmEfLbPu48DrKfQ,,"[""linear"", ""log""]",,%,,"The percentage of the urban population with access to facilities that hygienically separate human excreta from human contact. Improved facilities include flush/pour flush toilets or latrines connected to a sewer, -septic tank, or -pit, ventilated improved pit latrines, pit latrines with a slab or platform of any material which covers the pit entirely, except for the drop hole and composting toilets/latrines. Unimproved facilities include public or shared facilities of an otherwise acceptable type, flush/pour-flush toilets or latrines which discharge directly into an open sewer or ditch, pit latrines without a slab, bucket latrines, hanging toilets or latrines which directly discharge in water bodies or in the open and the practice of open defecation in the bush, field or bodies or water.->Access to improved sanitation facilities refers to the percentage of the population using improved sanitation facilities. Improved sanitation facilities are likely to ensure hygienic separation of human excreta from human contact. They include flush/pour flush (to piped sewer system, septic tank, pit latrine), ventilated improved pit (VIP) latrine, pit latrine with slab, and composting toilet.",sanitation
->,improved_sanitation_rural_access_percent,"Improved sanitation, rural",measure,,https://spreadsheets.google.com/pub?key=0ArfEDsV3bBwCdFNPMTE3d3FHTHdYaGFMXzJyNDBGd3c,,"[""linear"", ""log""]",,%,,"The percentage of the rural population with access to facilities that hygienically separate human excreta from human contact. Improved facilities include flush/pour flush toilets or latrines connected to a sewer, -septic tank, or -pit, ventilated improved pit latrines, pit latrines with a slab or platform of any material which covers the pit entirely, except for the drop hole and composting toilets/latrines. Unimproved facilities include public or shared facilities of an otherwise acceptable type, flush/pour-flush toilets or latrines which discharge directly into an open sewer or ditch, pit latrines without a slab, bucket latrines, hanging toilets or latrines which directly discharge in water bodies or in the open and the practice of open defecation in the bush, field or bodies or water.->Access to improved sanitation facilities refers to the percentage of the population using improved sanitation facilities. Improved sanitation facilities are likely to ensure hygienic separation of human excreta from human contact. They include flush/pour flush (to piped sewer system, septic tank, pit latrine), ventilated improved pit (VIP) latrine, pit latrine with slab, and composting toilet.",sanitation
->,improved_water_source_overall_access_percent,"Improved water source, overall",measure,,http://spreadsheets.google.com/pub?key=pyj6tScZqmEd98lRwrU3gIg,,"[""linear"", ""log""]",,%,,"The percentage of the total population who use any of the following types of water supply for drinking: piped water into dwelling, plot or yard; public tap/standpipe; borehole/tube well; protected dug well; protected spring; rainwater collection and bottled water (if a secondary available source is also improved). It does not include unprotected well, unprotected spring, water provided by carts with small tanks/drums, tanker truck-provided water and bottled water (if secondary source is not an improved source) or surface water taken directly from rivers, ponds, streams, lakes, dams, or irrigation channels. ->Access to an improved water source refers to the percentage of the population using an improved drinking water source. The improved drinking water source includes piped water on premises (piped household water connection located inside the users dwelling, plot or yard), and other improved drinking water sources (public taps or standpipes, tube wells or boreholes, protected dug wells, protected springs, and rainwater collection).",infrastructure_water
->,improved_water_source_urban_access_percent,"Improved water source, urban",measure,,https://spreadsheets.google.com/pub?key=0ArfEDsV3bBwCdDlJNzNjcVc5Sm9memNuVHRzY1FsOXc,,"[""linear"", ""log""]",,%,,"The percentage of the urban population who use any of the following types of water supply for drinking: piped water into dwelling, plot or yard; public tap/standpipe; borehole/tube well; protected dug well; protected spring; rainwater collection and bottled water (if a secondary available source is also improved). It does not include unprotected well, unprotected spring, water provided by carts with small tanks/drums, tanker truck-provided water and bottled water (if secondary source is not an improved source) or surface water taken directly from rivers, ponds, streams, lakes, dams, or irrigation channels. ->Access to an improved water source refers to the percentage of the population using an improved drinking water source. The improved drinking water source includes piped water on premises (piped household water connection located inside the users dwelling, plot or yard), and other improved drinking water sources (public taps or standpipes, tube wells or boreholes, protected dug wells, protected springs, and rainwater collection).",infrastructure_water
->,improved_water_source_rural_access_percent,"Improved water source, rural",measure,,https://spreadsheets.google.com/pub?key=0ArfEDsV3bBwCdFhhVzhXUEh0U0hlQ3M3TTZIQTFySUE,,"[""linear"", ""log""]",,%,,"The percentage of the rural population who use any of the following types of water supply for drinking: piped water into dwelling, plot or yard; public tap/standpipe; borehole/tube well; protected dug well; protected spring; rainwater collection and bottled water (if a secondary available source is also improved). It does not include unprotected well, unprotected spring, water provided by carts with small tanks/drums, tanker truck-provided water and bottled water (if secondary source is not an improved source) or surface water taken directly from rivers, ponds, streams, lakes, dams, or irrigation channels. ->Access to an improved water source refers to the percentage of the population using an improved drinking water source. The improved drinking water source includes piped water on premises (piped household water connection located inside the users dwelling, plot or yard), and other improved drinking water sources (public taps or standpipes, tube wells or boreholes, protected dug wells, protected springs, and rainwater collection).",infrastructure_water
...,...,...,...,...,...,...,...,...,...,...,...,...
->,population_growth_annual_percent,"Population growth",measure,,https://docs.google.com/spreadsheet/pub?key=0AkBd6lyS3EmpdFY5Z0QzTzRRbzJ1VXdqdGVyNE0tcFE,,"[""linear"", ""log""]",,"annual %",,"Annual de facto population growth rate.->Annual population growth rate for year t is the exponential rate of growth of midyear population from year t-1 to t, expressed as a percentage . Population is based on the de facto definition of population, which counts all residents regardless of legal status or citizenship.",population_growth
...,...,...,...,...,...,...,...,...,...,...,...,...
->,population_in_urban_agglomerations_m_1_million_percent_of_total,"Population in urban agglomerations > 1 million",measure,,http://spreadsheets.google.com/pub?key=pyj6tScZqmEdwXv1tqzV4Xg,,"[""linear"", ""log""]",,"% of total population",,"Population in urban agglomerations > 1 million (% of total population)->Population in urban agglomerations of more than one million is the percentage of a country's population living in metropolitan areas that in 2000 had a population of more than one million people.",urbanization
->,urban_population,"Urban population",measure,,http://spreadsheets.google.com/pub?key=pyj6tScZqmEfH89V6UQhpZA,,"[""linear"", ""log""]",,,,"Urban population is the midyear population of areas defined as urban in each country and reported to the United Nations.->Urban population refers to people living in urban areas as defined by national statistical offices. It is calculated using World Bank population estimates and urban ratios from the United Nations World Urbanization Prospects. Aggregation of urban and rural population may not add up to total population because of different country coverages.",urbanization
->,urban_population_percent_of_total,"Urban population share",measure,,http://spreadsheets.google.com/pub?key=phAwcNAVuyj0-LE4StzCsEw,,"[""linear"", ""log""]",,%,,"Urban population is the midyear population of areas defined as urban in each country and reported to the United Nations.->Urban population refers to people living in urban areas as defined by national statistical offices. It is calculated using World Bank population estimates and urban ratios from the United Nations World Urbanization Prospects.",urbanization
->,urban_population_growth_annual_percent,"Urban population growth",measure,,http://spreadsheets.google.com/pub?key=pyj6tScZqmEcRJEN8MyV3PQ,,"[""linear"", ""log""]",,"annual %",,"Urban population is the midyear population of areas defined as urban in each country and reported to the United Nations. ->Urban population refers to people living in urban areas as defined by national statistical offices. It is calculated using World Bank population estimates and urban ratios from the United Nations World Urbanization Prospects.",urbanization
...,...,...,...,...,...,...,...,...,...,...,...,...
->,population_total,"Population, total->Population",measure,,https://github.com/open-numbers/ddf--gapminder--population->http://spreadsheets.google.com/pub?key=phAwcNAVuyj0XOoBL_n5tAQ,,"[""linear"", ""log""]",,people,,"Total population",population
...,...,...,...,...,...,...,...,...,...,...,...,...
->,subsistence_incomes_per_person,"Subsistence incomes per person",measure,,http://spreadsheets.google.com/pub?key=0ArfEDsV3bBwCdGlGLVd4OGVfcVdScVBSS0JLVHpiMlE,,"[""log"", ""linear""]",,,,"The same as ""Income per person (GDP/capita, inflation-adjusted $)"" (version 9), but expressed in subsistence incomes per person ratehr than international $ per person. One subsistence income is equal to $1.25 per day (i.e. the lower poverty line), or $456.24 per year. Hence, we divided incomes epr person with 456.25.->The same as ""Income per person (GDP/capita, inflation-adjusted $)"" (version 9), but expressed in subsistence incomes per person rather than international $ per person. One subsistence income is equal to $1.25 per day (i.e. the lower poverty line), or $456.24 per year. Hence, we divided incomes epr person with 456.25.",alternative_gdp_data
->,alternative_poverty_percent_below_nationally_defined_poverty,"Alternative poverty",measure,,http://spreadsheets.google.com/pub?key=pyj6tScZqmEd1R9UmohEIaA,,"[""linear"", ""log""]",,"% below nationally defined poverty line",,"National poverty rate is the percentage of the population living below the national poverty line. National estimates are based on population-weighted subgroup estimates from household surveys. Poverty lines vary between countries and so rates are not comparable. ->National poverty headcount ratio is the percentage of the population living below the national poverty lines. National estimates are based on population-weighted subgroup estimates from household surveys.",alternative_poverty_measures
...,...,...,...,...,...,...,...,...,...,...,...,...
...,...,...,...,...,...,...,...,...,...,...,...,...
->,debt_servicing_costs_percent_of_exports_and_net_income_from_abroad,"Debt servicing costs",measure,,http://spreadsheets.google.com/pub?key=pyj6tScZqmEd-30XcArAJHA,,"[""linear"", ""log""]",,"% of exports and net income from abroad",,"The sum of principal and interest paid in foreign currency, goods or services on long-term debt, interest paid on short-term debt and repayments to the International Monetary Fund, as a percentage of net exports and income from abroad.->Total debt service is the sum of principal repayments and interest actually paid in currency, goods, or services on long-term debt, interest paid on short-term debt, and repayments (repurchases and charges) to the IMF.",advanced_debt_trade
->,external_debt_total_us_not_inflation_adjusted,"External debt, total",measure,,http://spreadsheets.google.com/pub?key=pyj6tScZqmEdQY2PxSsxxJQ,,"[""linear"", ""log""]",,"US$, not inflation-adjusted",,"Total external debt is debt owed to nonresidents repayable in foreign currency, goods, or services. Total external debt is the sum of public, publicly guaranteed, and private nonguaranteed long-term debt, use of IMF credit, and short-term debt. Short-term debt includes all debt having an original maturity of one year or less and interest in arrears on long-term debt. Data are in current U. S. dollars. World Bank, Global Development Finance. ->Total external debt is debt owed to nonresidents repayable in currency, goods, or services. Total external debt is the sum of public, publicly guaranteed, and private nonguaranteed long-term debt, use of IMF credit, and short-term debt. Short-term debt includes all debt having an original maturity of one year or less and interest in arrears on long-term debt. Data are in current U.S. dollars.",advanced_debt_trade
...,...,...,...,...,...,...,...,...,...,...,...,...
->,net_barter_terms_of_trade_2000_100,"Net barter terms of trade",measure,,http://spreadsheets.google.com/pub?key=pyj6tScZqmEe5SueBIj6eSw,,"[""linear"", ""log""]",,"2000 = 100",,"Net barter terms of trade is the percentage ratio of the export price index to the corresponding import price index measured relative to the base year 2000. ->Net barter terms of trade index is calculated as the percentage ratio of the export unit value indexes to the import unit value indexes, measured relative to the base year 2000. Unit value indexes are based on data reported by countries that demonstrate consistency under UNCTAD quality controls, supplemented by UNCTAD's estimates using the previous years trade values at the Standard International Trade Classification three-digit level as weights. To improve data coverage, especially for the latest periods, UNCTAD constructs a set of average prices indexes at the three-digit product classification of the Standard International Trade Classification revision 3 using UNCTADs Commodity Price Statistics, international and national sources, and UNCTAD secretariat estimates and calculates unit value indexes at the country level using the current year's trade values as weights.",advanced_debt_trade
->,20120905_extreme_poverty_percent_people_below_125_a_day,"Extreme poverty (2012-09-05)",measure,,https://docs.google.com/spreadsheet/pub?key=0ArfEDsV3bBwCdDhjcXdjbURLMFFVcVFPYThhYmtvZXc,,"[""linear"", ""log""]",,"% people below $1.25 a day",,"WDI 20120905 The percentage of people living on less than $1.25 (2005 purchasing power parity dollars).",alternative_poverty_measures->_none
->,alternative_gdp_per_capita_ppp_wb,"Alternative GDP/capita PPP, WB",measure,,https://docs.google.com/spreadsheet/pub?key=0ArtujvvFrPjVdERlTHZFQ2ZaUkpySHpQMF82UmdlcUE,,"[""linear"", ""log""]",,,,"GDP per capita PPP, in 2005 i$ from World Bank.->GDP per capita based on purchasing power parity (PPP). PPP GDP is gross domestic product converted to international dollars using purchasing power parity rates. An international dollar has the same purchasing power over GDP as the U.S. dollar has in the United States. GDP at purchaser's prices is the sum of gross value added by all resident producers in the economy plus any product taxes and minus any subsidies not included in the value of the products. It is calculated without making deductions for depreciation of fabricated assets or for depletion and degradation of natural resources. Data are in constant 2011 international dollars.",alternative_gdp_data
...,...,...,...,...,...,...,...,...,...,...,...,...
->,poverty_percent_people_below_2_a_day->poverty_percent_people_below_310_a_day,Poverty,measure,,http://spreadsheets.google.com/pub?key=tBrbR3BlR_12WlTIlSTpu6g,,"[""linear"", ""log""]",,"% people below $2 a day",,"The percentage of people living on less than $2 (2005 purchasing power parity dollars).",poverty_inequality
->,rural_poverty_percent_rural_people_below_national_rural,"Rural poverty",measure,,http://spreadsheets.google.com/pub?key=trbzCrl1eb6QJG5D8j1-qQw,,"[""linear"", ""log""]",,%,,"Poverty headcount ratio at rural poverty line (% of rural population)->Rural poverty headcount ratio is the percentage of the rural population living below the national poverty lines.",poverty_inequality
->,urban_poverty_percent_urban_people_below_national_urban,"Urban poverty",measure,,http://spreadsheets.google.com/pub?key=tublssyj-uqIY25OoRupbCw,,"[""linear"", ""log""]",,%,,"Poverty headcount ratio at urban poverty line (% of urban population)->Urban poverty headcount ratio is the percentage of the urban population living below the national poverty lines.",poverty_inequality
...,...,...,...,...,...,...,...,...,...,...,...,...
