@@,geo,time,urban_population_percent_of_total,changes(%)
+++,afg,2012,25.468,
+++,afg,2013,25.871,
+++,afg,2014,26.282,
+++,afg,2015,26.703,
+++,alb,2012,54.33,
+++,alb,2013,55.383,
+++,alb,2014,56.409,
+++,alb,2015,57.407,
+++,dza,2012,68.87,
+++,dza,2013,69.51,
+++,dza,2014,70.129,
+++,dza,2015,70.727,
+++,asm,2012,87.413,
+++,asm,2013,87.334,
+++,asm,2014,87.264,
+++,asm,2015,87.202,
+++,and,2012,86.708,
+++,and,2013,86.165,
+++,and,2014,85.633,
+++,and,2015,85.115,
->,ago,1976,20.16->17.737,12.02
->,ago,1977,21.2->18.228,14.02
->,ago,1978,22.23->18.73,15.74
->,ago,1979,23.26->19.242,17.27
->,ago,1980,24.3->19.766,18.66
->,ago,1981,25.51->20.299,20.43
->,ago,1982,26.71->20.843,21.97
->,ago,1983,27.92->21.398,23.36
->,ago,1984,29.13->21.965,24.60
->,ago,1985,30.34->22.541,25.71
->,ago,1986,31.7->23.128,27.04
->,ago,1987,33.06->23.725,28.24
->,ago,1988,34.42->24.334,29.30
->,ago,1989,35.78->24.952,30.26
->,ago,1990,37.14->25.582,31.12
->,ago,1991,38.51->26.221,31.91
->,ago,1992,39.88->26.872,32.62
->,ago,1993,41.25->27.53,33.26
->,ago,1994,42.62->28.2,33.83
->,ago,1995,43.99->28.88,34.35
->,ago,1996,44.99->29.57,34.27
->,ago,1997,45.99->30.268,34.19
->,ago,1998,46.99->30.975,34.08
->,ago,1999,47.99->31.692,33.96
->,ago,2000,48.99->32.419,33.83
->,ago,2001,49.98->33.152,33.67
->,ago,2002,50.97->33.895,33.50
->,ago,2003,51.96->34.645,33.32
->,ago,2004,52.95->35.405,33.14
->,ago,2005,53.94->36.169,32.95
->,ago,2006,54.83->36.942,32.62
->,ago,2007,55.72->37.722,32.30
->,ago,2008,56.6->38.509,31.96
->,ago,2009,57.49->39.299,31.64
->,ago,2010,58.38->40.097,31.32
->,ago,2011,59.14->40.9,30.84
+++,ago,2012,41.699,
+++,ago,2013,42.49,
+++,ago,2014,43.274,
+++,ago,2015,44.05,
->,atg,2009,30.03->26.819,10.69
->,atg,2010,29.88->26.239,12.19
->,atg,2011,29.87->25.667,14.07
+++,atg,2012,25.135,
+++,atg,2013,24.643,
+++,atg,2014,24.19,
+++,atg,2015,23.773,
+++,arg,2012,91.295,
+++,arg,2013,91.452,
+++,arg,2014,91.604,
+++,arg,2015,91.751,
+++,arm,2012,63.161,
+++,arm,2013,62.975,
+++,arm,2014,62.812,
+++,arm,2015,62.673,
+++,abw,2012,42.364,
+++,abw,2013,42.058,
+++,abw,2014,41.779,
+++,abw,2015,41.528,
...,...,...,...,
+++,aus,2012,89.015,
+++,aus,2013,89.153,
+++,aus,2014,89.289,
+++,aus,2015,89.423,
...,...,...,...,
+++,aut,2012,65.864,
+++,aut,2013,65.884,
+++,aut,2014,65.919,
+++,aut,2015,65.968,
->,aze,1960,47.7->52.663,10.40
+++,aze,2012,53.856,
+++,aze,2013,54.1,
+++,aze,2014,54.355,
+++,aze,2015,54.62,
+++,bhs,2012,82.667,
+++,bhs,2013,82.732,
+++,bhs,2014,82.801,
+++,bhs,2015,82.874,
+++,bhr,2012,88.619,
+++,bhr,2013,88.667,
+++,bhr,2014,88.719,
+++,bhr,2015,88.775,
+++,bgd,2012,31.99,
+++,bgd,2013,32.753,
+++,bgd,2014,33.516,
+++,bgd,2015,34.277,
->,brb,1999,37.77->33.756,10.63
->,brb,2000,38.35->33.83,11.79
->,brb,2001,38.91->33.651,13.52
->,brb,2002,39.48->33.472,15.22
->,brb,2003,40.05->33.294,16.87
->,brb,2004,40.62->33.116,18.47
->,brb,2005,41.18->32.939,20.01
->,brb,2006,41.72->32.762,21.47
->,brb,2007,42.26->32.586,22.89
->,brb,2008,42.81->32.41,24.29
->,brb,2009,43.35->32.235,25.64
->,brb,2010,43.89->32.06,26.95
->,brb,2011,44.4->31.905,28.14
+++,brb,2012,31.769,
+++,brb,2013,31.652,
+++,brb,2014,31.554,
+++,brb,2015,31.475,
+++,blr,2012,75.467,
+++,blr,2013,75.877,
+++,blr,2014,76.277,
+++,blr,2015,76.667,
+++,bel,2012,97.732,
+++,bel,2013,97.776,
+++,bel,2014,97.818,
+++,bel,2015,97.858,
+++,blz,2012,44.496,
+++,blz,2013,44.298,
+++,blz,2014,44.124,
+++,blz,2015,43.973,
+++,ben,2012,42.667,
+++,ben,2013,43.086,
+++,ben,2014,43.514,
+++,ben,2015,43.95,
...,...,...,...,
+++,bmu,2012,100,
+++,bmu,2013,100,
+++,bmu,2014,100,
+++,bmu,2015,100,
+++,btn,2012,36.368,
+++,btn,2013,37.139,
+++,btn,2014,37.898,
+++,btn,2015,38.644,
+++,bol,2012,67.279,
+++,bol,2013,67.696,
+++,bol,2014,68.107,
+++,bol,2015,68.512,
->,bih,2002,43.92->39.264,10.60
->,bih,2003,44.36->39.244,11.53
->,bih,2004,44.81->39.223,12.47
->,bih,2005,45.26->39.202,13.38
->,bih,2006,45.75->39.181,14.36
->,bih,2007,46.25->39.16,15.33
->,bih,2008,46.74->39.161,16.22
->,bih,2009,47.24->39.183,17.06
->,bih,2010,47.73->39.226,17.82
->,bih,2011,48.27->39.291,18.60
+++,bih,2012,39.378,
+++,bih,2013,39.486,
+++,bih,2014,39.616,
+++,bih,2015,39.767,
->,bwa,1963,3.527->3.171,10.09
+++,bwa,2012,56.699,
+++,bwa,2013,56.938,
+++,bwa,2014,57.187,
+++,bwa,2015,57.444,
+++,bra,2012,84.901,
+++,bra,2013,85.171,
+++,bra,2014,85.433,
+++,bra,2015,85.687,
+++,vgb,1960,12.228,
+++,vgb,1961,12.618,
+++,vgb,1962,13.019,
+++,vgb,1963,13.43,
+++,vgb,1964,13.854,
+++,vgb,1965,14.287,
+++,vgb,1966,14.732,
+++,vgb,1967,15.188,
+++,vgb,1968,15.657,
+++,vgb,1969,16.135,
+++,vgb,1970,16.635,
+++,vgb,1971,17.174,
+++,vgb,1972,17.728,
+++,vgb,1973,18.294,
+++,vgb,1974,18.875,
+++,vgb,1975,19.47,
+++,vgb,1976,20.081,
+++,vgb,1977,20.703,
+++,vgb,1978,21.34,
+++,vgb,1979,21.992,
+++,vgb,1980,22.741,
+++,vgb,1981,24.039,
+++,vgb,1982,25.389,
+++,vgb,1983,26.788,
+++,vgb,1984,28.237,
+++,vgb,1985,29.728,
+++,vgb,1986,31.266,
+++,vgb,1987,32.846,
+++,vgb,1988,34.468,
+++,vgb,1989,36.123,
+++,vgb,1990,37.814,
+++,vgb,1991,39.334,
+++,vgb,1992,39.603,
+++,vgb,1993,39.872,
+++,vgb,1994,40.142,
+++,vgb,1995,40.413,
+++,vgb,1996,40.684,
+++,vgb,1997,40.955,
+++,vgb,1998,41.228,
+++,vgb,1999,41.5,
+++,vgb,2000,41.774,
+++,vgb,2001,42.048,
+++,vgb,2002,42.324,
+++,vgb,2003,42.604,
+++,vgb,2004,42.887,
+++,vgb,2005,43.173,
+++,vgb,2006,43.462,
+++,vgb,2007,43.753,
+++,vgb,2008,44.048,
+++,vgb,2009,44.345,
+++,vgb,2010,44.645,
+++,vgb,2011,44.948,
+++,vgb,2012,45.253,
+++,vgb,2013,45.562,
+++,vgb,2014,45.872,
+++,vgb,2015,46.186,
+++,brn,2012,76.223,
+++,brn,2013,76.561,
+++,brn,2014,76.887,
+++,brn,2015,77.202,
+++,bgr,2012,72.971,
+++,bgr,2013,73.3,
+++,bgr,2014,73.626,
+++,bgr,2015,73.948,
+++,bfa,2012,27.346,
+++,bfa,2013,28.186,
+++,bfa,2014,29.024,
+++,bfa,2015,29.859,
->,bdi,1968,2.314->2.611,12.83
->,bdi,1969,2.348->2.726,16.10
->,bdi,1970,2.382->2.845,19.44
->,bdi,1971,2.549->2.97,16.52
->,bdi,1972,2.716->3.101,14.18
->,bdi,1973,2.884->3.236,12.21
->,bdi,1974,3.051->3.377,10.69
+++,bdi,2012,11.189,
+++,bdi,2013,11.472,
+++,bdi,2014,11.761,
+++,bdi,2015,12.057,
+++,cpv,2012,63.389,
+++,cpv,2013,64.127,
+++,cpv,2014,64.84,
+++,cpv,2015,65.526,
->,khm,1971,13.66->18.717,37.02
->,khm,1972,11.35->21.818,92.23
->,khm,1973,9.034->25.263,179.64
->,khm,1974,6.722->29.055,332.24
->,khm,1977,6.235->5.186,16.82
->,khm,1978,7.147->5.578,21.95
->,khm,1979,8.06->5.999,25.57
->,khm,1980,8.972->9.898,10.32
->,khm,1981,9.964->12.742,27.88
->,khm,1982,10.96->13.031,18.90
->,khm,1983,11.95->13.325,11.51
+++,khm,2012,20.137,
+++,khm,2013,20.319,
+++,khm,2014,20.514,
+++,khm,2015,20.723,
+++,cmr,2012,52.677,
+++,cmr,2013,53.25,
+++,cmr,2014,53.819,
+++,cmr,2015,54.381,
+++,can,2012,81.293,
+++,can,2013,81.472,
+++,can,2014,81.65,
+++,can,2015,81.828,
...,...,...,...,
+++,cym,2012,100,
+++,cym,2013,100,
+++,cym,2014,100,
+++,cym,2015,100,
+++,caf,2012,39.258,
+++,caf,2013,39.5,
+++,caf,2014,39.759,
+++,caf,2015,40.037,
+++,tcd,2012,22.129,
+++,tcd,2013,22.227,
+++,tcd,2014,22.341,
+++,tcd,2015,22.471,
+++,chanisl,2012,31.189,
+++,chanisl,2013,31.271,
+++,chanisl,2014,31.363,
+++,chanisl,2015,31.465,
+++,chl,2012,88.986,
+++,chl,2013,89.175,
+++,chl,2014,89.356,
+++,chl,2015,89.53,
+++,chn,2012,51.889,
+++,chn,2013,53.168,
+++,chn,2014,54.41,
+++,chn,2015,55.614,
+++,col,2012,75.603,
+++,col,2013,75.883,
+++,col,2014,76.161,
+++,col,2015,76.436,
+++,com,2012,28.029,
+++,com,2013,28.104,
+++,com,2014,28.193,
+++,com,2015,28.296,
->,cod,1965,26.1->23.434,10.21
->,cod,1966,26.94->23.666,12.15
->,cod,1967,27.78->23.899,13.97
->,cod,1968,28.62->24.134,15.67
->,cod,1969,29.46->24.37,17.28
->,cod,1970,30.3->24.608,18.79
->,cod,1971,30.14->24.847,17.56
->,cod,1972,29.98->25.089,16.31
->,cod,1973,29.82->25.331,15.05
->,cod,1974,29.66->25.575,13.77
->,cod,1975,29.5->25.821,12.47
->,cod,1976,29.35->26.068,11.18
->,cod,1990,27.74->30.633,10.43
->,cod,1991,27.83->31.067,11.63
->,cod,1992,27.92->31.506,12.84
->,cod,1993,28.01->31.946,14.05
->,cod,1994,28.09->32.39,15.31
->,cod,1995,28.18->32.838,16.53
->,cod,1996,28.4->33.289,17.21
->,cod,1997,28.63->33.742,17.86
->,cod,1998,28.85->34.199,18.54
->,cod,1999,29.08->34.659,19.19
->,cod,2000,29.3->35.122,19.87
->,cod,2001,29.67->35.587,19.94
->,cod,2002,30.05->36.055,19.98
->,cod,2003,30.42->36.526,20.07
->,cod,2004,30.79->37,20.17
->,cod,2005,31.16->37.478,20.28
->,cod,2006,31.67->37.961,19.86
->,cod,2007,32.19->38.448,19.44
->,cod,2008,32.7->38.941,19.09
->,cod,2009,33.21->39.437,18.75
->,cod,2010,33.73->39.937,18.40
->,cod,2011,34.28->40.442,17.98
+++,cod,2012,40.95,
+++,cod,2013,41.461,
+++,cod,2014,41.976,
+++,cod,2015,42.494,
+++,cog,2012,64.1,
+++,cog,2013,64.531,
+++,cog,2014,64.957,
+++,cog,2015,65.38,
->,cri,2009,63.69->70.573,10.81
->,cri,2010,64.19->71.734,11.75
->,cri,2011,64.64->72.866,12.73
+++,cri,2012,73.94,
+++,cri,2013,74.956,
+++,cri,2014,75.915,
+++,cri,2015,76.821,
+++,civ,2012,52.041,
+++,civ,2013,52.766,
+++,civ,2014,53.479,
+++,civ,2015,54.18,
+++,hrv,2012,58.074,
+++,hrv,2013,58.359,
+++,hrv,2014,58.656,
+++,hrv,2015,58.964,
+++,cub,2012,76.781,
+++,cub,2013,76.872,
+++,cub,2014,76.97,
+++,cub,2015,77.074,
+++,nld_curacao,1960,74.71,
+++,nld_curacao,1961,75.102,
+++,nld_curacao,1962,75.49,
+++,nld_curacao,1963,75.875,
+++,nld_curacao,1964,76.255,
+++,nld_curacao,1965,76.631,
+++,nld_curacao,1966,77.003,
+++,nld_curacao,1967,77.37,
+++,nld_curacao,1968,77.734,
+++,nld_curacao,1969,78.093,
+++,nld_curacao,1970,78.448,
+++,nld_curacao,1971,78.799,
+++,nld_curacao,1972,79.146,
+++,nld_curacao,1973,79.488,
+++,nld_curacao,1974,79.827,
+++,nld_curacao,1975,80.161,
+++,nld_curacao,1976,80.491,
+++,nld_curacao,1977,80.817,
+++,nld_curacao,1978,81.138,
+++,nld_curacao,1979,81.456,
+++,nld_curacao,1980,81.769,
+++,nld_curacao,1981,82.078,
+++,nld_curacao,1982,82.383,
+++,nld_curacao,1983,82.684,
+++,nld_curacao,1984,82.982,
+++,nld_curacao,1985,83.274,
+++,nld_curacao,1986,83.563,
+++,nld_curacao,1987,83.848,
+++,nld_curacao,1988,84.129,
+++,nld_curacao,1989,84.405,
+++,nld_curacao,1990,84.678,
+++,nld_curacao,1991,84.947,
+++,nld_curacao,1992,85.444,
+++,nld_curacao,1993,86.224,
+++,nld_curacao,1994,86.969,
+++,nld_curacao,1995,87.68,
+++,nld_curacao,1996,88.358,
+++,nld_curacao,1997,89.002,
+++,nld_curacao,1998,89.615,
+++,nld_curacao,1999,90.198,
+++,nld_curacao,2000,90.752,
+++,nld_curacao,2001,91.011,
+++,nld_curacao,2002,90.894,
+++,nld_curacao,2003,90.775,
+++,nld_curacao,2004,90.655,
+++,nld_curacao,2005,90.534,
+++,nld_curacao,2006,90.411,
+++,nld_curacao,2007,90.287,
+++,nld_curacao,2008,90.161,
+++,nld_curacao,2009,90.034,
+++,nld_curacao,2010,89.905,
+++,nld_curacao,2011,89.775,
+++,nld_curacao,2012,89.652,
+++,nld_curacao,2013,89.537,
+++,nld_curacao,2014,89.43,
+++,nld_curacao,2015,89.331,
+++,cyp,2012,67.261,
+++,cyp,2013,67.133,
+++,cyp,2014,67.019,
+++,cyp,2015,66.921,
+++,cze,2012,73.115,
+++,cze,2013,73.06,
+++,cze,2014,73.019,
+++,cze,2015,72.992,
+++,dnk,2012,87.142,
+++,dnk,2013,87.324,
+++,dnk,2014,87.502,
+++,dnk,2015,87.676,
+++,dji,2012,77.117,
+++,dji,2013,77.186,
+++,dji,2014,77.262,
+++,dji,2015,77.343,
->,dma,1960,27.3->37.846,38.63
->,dma,1961,29.15->37.912,30.06
->,dma,1962,31.01->37.979,22.47
->,dma,1963,32.87->38.046,15.75
->,dma,1968,42.77->38.381,10.26
->,dma,1969,44.83->38.448,14.24
->,dma,1970,46.89->38.683,17.50
->,dma,1971,48.57->39.47,18.74
->,dma,1972,50.25->40.264,19.87
->,dma,1973,51.93->41.061,20.93
->,dma,1974,53.62->41.864,21.92
->,dma,1975,55.3->42.671,22.84
->,dma,1976,56.92->43.484,23.61
->,dma,1977,58.54->44.297,24.33
->,dma,1978,60.16->45.115,25.01
->,dma,1979,61.79->45.935,25.66
->,dma,1980,63.41->46.759,26.26
->,dma,1981,63.94->47.793,25.25
->,dma,1982,64.47->49.524,23.18
->,dma,1983,64.99->51.257,21.13
->,dma,1984,65.52->52.99,19.12
->,dma,1985,66.05->54.71,17.17
->,dma,1986,66.38->56.422,15.00
->,dma,1987,66.71->58.118,12.88
->,dma,1988,67.05->59.798,10.82
+++,dma,2012,68.681,
+++,dma,2013,68.97,
+++,dma,2014,69.256,
+++,dma,2015,69.539,
+++,dom,2012,76.039,
+++,dom,2013,77.082,
+++,dom,2014,78.061,
+++,dom,2015,78.98,
+++,ecu,2012,63.088,
+++,ecu,2013,63.298,
+++,ecu,2014,63.516,
+++,ecu,2015,63.742,
+++,egy,2012,43.002,
+++,egy,2013,43.025,
+++,egy,2014,43.069,
+++,egy,2015,43.135,
+++,slv,2012,65.287,
+++,slv,2013,65.775,
+++,slv,2014,66.255,
+++,slv,2015,66.726,
+++,gnq,2012,39.463,
+++,gnq,2013,39.603,
+++,gnq,2014,39.756,
+++,gnq,2015,39.923,
+++,est,2012,67.835,
+++,est,2013,67.721,
+++,est,2014,67.622,
+++,est,2015,67.538,
+++,eth,2012,18.16,
+++,eth,2013,18.59,
+++,eth,2014,19.028,
+++,eth,2015,19.472,
+++,fro,2012,41.323,
+++,fro,2013,41.53,
+++,fro,2014,41.743,
+++,fro,2015,41.962,
+++,fji,2012,52.596,
+++,fji,2013,52.976,
+++,fji,2014,53.354,
+++,fji,2015,53.728,
->,fin,1960,38.1->55.29,45.12
+++,fin,2012,83.819,
+++,fin,2013,83.952,
+++,fin,2014,84.086,
+++,fin,2015,84.221,
+++,fra,2012,78.82,
+++,fra,2013,79.055,
+++,fra,2014,79.289,
+++,fra,2015,79.52,
->,pyf,2007,51.64->56.823,10.04
->,pyf,2008,51.56->56.738,10.04
+++,pyf,2012,56.218,
+++,pyf,2013,56.089,
+++,pyf,2014,55.976,
+++,pyf,2015,55.88,
+++,gab,2012,86.367,
+++,gab,2013,86.658,
+++,gab,2014,86.92,
+++,gab,2015,87.156,
+++,gmb,2012,57.706,
+++,gmb,2013,58.373,
+++,gmb,2014,59.015,
+++,gmb,2015,59.632,
...,...,...,...,
+++,geo,2012,53.162,
+++,geo,2013,53.309,
+++,geo,2014,53.468,
+++,geo,2015,53.641,
+++,deu,2012,74.688,
+++,deu,2013,74.89,
+++,deu,2014,75.094,
+++,deu,2015,75.301,
+++,gha,2012,52.069,
+++,gha,2013,52.735,
+++,gha,2014,53.392,
+++,gha,2015,54.042,
+++,gib,1960,100,
+++,gib,1961,100,
+++,gib,1962,100,
+++,gib,1963,100,
+++,gib,1964,100,
+++,gib,1965,100,
+++,gib,1966,100,
+++,gib,1967,100,
+++,gib,1968,100,
+++,gib,1969,100,
+++,gib,1970,100,
+++,gib,1971,100,
+++,gib,1972,100,
+++,gib,1973,100,
+++,gib,1974,100,
+++,gib,1975,100,
+++,gib,1976,100,
+++,gib,1977,100,
+++,gib,1978,100,
+++,gib,1979,100,
+++,gib,1980,100,
+++,gib,1981,100,
+++,gib,1982,100,
+++,gib,1983,100,
+++,gib,1984,100,
+++,gib,1985,100,
+++,gib,1986,100,
+++,gib,1987,100,
+++,gib,1988,100,
+++,gib,1989,100,
+++,gib,1990,100,
+++,gib,1991,100,
+++,gib,1992,100,
+++,gib,1993,100,
+++,gib,1994,100,
+++,gib,1995,100,
+++,gib,1996,100,
+++,gib,1997,100,
+++,gib,1998,100,
+++,gib,1999,100,
+++,gib,2000,100,
+++,gib,2001,100,
+++,gib,2002,100,
+++,gib,2003,100,
+++,gib,2004,100,
+++,gib,2005,100,
+++,gib,2006,100,
+++,gib,2007,100,
+++,gib,2008,100,
+++,gib,2009,100,
+++,gib,2010,100,
+++,gib,2011,100,
+++,gib,2012,100,
+++,gib,2013,100,
+++,gib,2014,100,
+++,gib,2015,100,
->,grc,1960,42.9->55.936,30.39
->,grc,1961,43.82->56.453,28.83
->,grc,1962,44.75->57.34,28.13
->,grc,1963,45.67->58.222,27.48
->,grc,1964,46.6->59.099,26.82
->,grc,1965,47.53->59.969,26.17
->,grc,1966,48.52->60.833,25.38
->,grc,1967,49.52->61.691,24.58
->,grc,1968,50.51->62.543,23.82
->,grc,1969,51.51->63.385,23.05
->,grc,1970,52.5->64.22,22.32
->,grc,1971,53.06->64.951,22.41
->,grc,1972,53.63->65.454,22.05
->,grc,1973,54.19->65.952,21.71
->,grc,1974,54.75->66.448,21.37
->,grc,1975,55.31->66.94,21.03
->,grc,1976,55.79->67.429,20.86
->,grc,1977,56.28->67.912,20.67
->,grc,1978,56.76->68.393,20.50
->,grc,1979,57.25->68.87,20.30
->,grc,1980,57.73->69.343,20.12
->,grc,1981,57.88->69.746,20.50
->,grc,1982,58.02->69.94,20.54
->,grc,1983,58.16->70.134,20.59
->,grc,1984,58.3->70.327,20.63
->,grc,1985,58.44->70.518,20.67
->,grc,1986,58.52->70.709,20.83
->,grc,1987,58.6->70.9,20.99
->,grc,1988,58.68->71.09,21.15
->,grc,1989,58.76->71.279,21.31
->,grc,1990,58.84->71.467,21.46
->,grc,1991,58.93->71.635,21.56
->,grc,1992,59.02->71.757,21.58
->,grc,1993,59.11->71.878,21.60
->,grc,1994,59.2->71.998,21.62
->,grc,1995,59.29->72.119,21.64
->,grc,1996,59.38->72.239,21.66
->,grc,1997,59.47->72.358,21.67
->,grc,1998,59.56->72.478,21.69
->,grc,1999,59.65->72.597,21.70
->,grc,2000,59.74->72.716,21.72
->,grc,2001,59.85->72.913,21.83
->,grc,2002,59.97->73.303,22.23
->,grc,2003,60.08->73.689,22.65
->,grc,2004,60.2->74.073,23.04
->,grc,2005,60.32->74.452,23.43
->,grc,2006,60.5->74.827,23.68
->,grc,2007,60.68->75.199,23.93
->,grc,2008,60.86->75.568,24.17
->,grc,2009,61.04->75.932,24.40
->,grc,2010,61.22->76.292,24.62
->,grc,2011,61.46->76.649,24.71
+++,grc,2012,77,
+++,grc,2013,77.343,
+++,grc,2014,77.678,
+++,grc,2015,78.007,
+++,grl,2012,85.2,
+++,grl,2013,85.633,
+++,grl,2014,86.045,
+++,grl,2015,86.436,
+++,grd,2012,35.601,
+++,grd,2013,35.583,
+++,grd,2014,35.58,
+++,grd,2015,35.591,
+++,gum,2012,94.273,
+++,gum,2013,94.356,
+++,gum,2014,94.437,
+++,gum,2015,94.516,
...,...,...,...,
+++,gtm,2012,50.212,
+++,gtm,2013,50.661,
+++,gtm,2014,51.115,
+++,gtm,2015,51.571,
+++,gin,2012,35.748,
+++,gin,2013,36.209,
+++,gin,2014,36.68,
+++,gin,2015,37.161,
+++,gnb,2012,46.924,
+++,gnb,2013,47.747,
+++,gnb,2014,48.55,
+++,gnb,2015,49.332,
+++,guy,2012,28.319,
+++,guy,2013,28.382,
+++,guy,2014,28.459,
+++,guy,2015,28.553,
+++,hti,2012,54.841,
+++,hti,2013,56.168,
+++,hti,2014,57.436,
+++,hti,2015,58.645,
+++,hnd,2012,52.93,
+++,hnd,2013,53.537,
+++,hnd,2014,54.137,
+++,hnd,2015,54.73,
...,...,...,...,
+++,hkg,2012,100,
+++,hkg,2013,100,
+++,hkg,2014,100,
+++,hkg,2015,100,
+++,hun,2012,69.832,
+++,hun,2013,70.306,
+++,hun,2014,70.771,
+++,hun,2015,71.227,
+++,isl,2012,93.84,
+++,isl,2013,93.942,
+++,isl,2014,94.042,
+++,isl,2015,94.137,
+++,ind,2012,31.631,
+++,ind,2013,31.994,
+++,ind,2014,32.366,
+++,ind,2015,32.747,
+++,idn,2012,51.488,
+++,idn,2013,52.252,
+++,idn,2014,53.003,
+++,idn,2015,53.742,
+++,irn,2012,71.769,
+++,irn,2013,72.32,
+++,irn,2014,72.855,
+++,irn,2015,73.375,
+++,irq,2012,69.175,
+++,irq,2013,69.262,
+++,irq,2014,69.361,
+++,irq,2015,69.471,
+++,irl,2012,62.386,
+++,irl,2013,62.667,
+++,irl,2014,62.952,
+++,irl,2015,63.241,
+++,gbm,2012,52.042,
+++,gbm,2013,52.084,
+++,gbm,2014,52.138,
+++,gbm,2015,52.203,
+++,isr,2012,91.949,
+++,isr,2013,92.012,
+++,isr,2014,92.076,
+++,isr,2015,92.14,
+++,ita,2012,68.56,
+++,ita,2013,68.686,
+++,ita,2014,68.821,
+++,ita,2015,68.964,
+++,jam,2012,54.127,
+++,jam,2013,54.336,
+++,jam,2014,54.556,
+++,jam,2015,54.788,
->,jpn,1960,43.1->63.272,46.80
+++,jpn,2012,91.902,
+++,jpn,2013,92.491,
+++,jpn,2014,93.021,
+++,jpn,2015,93.498,
+++,jor,2012,82.97,
+++,jor,2013,83.211,
+++,jor,2014,83.447,
+++,jor,2015,83.679,
+++,kaz,2012,53.458,
+++,kaz,2013,53.361,
+++,kaz,2014,53.29,
+++,kaz,2015,53.247,
+++,ken,2012,24.37,
+++,ken,2013,24.78,
+++,ken,2014,25.197,
+++,ken,2015,25.622,
+++,kir,2012,43.948,
+++,kir,2013,44.055,
+++,kir,2014,44.173,
+++,kir,2015,44.304,
...,...,...,...,
+++,prk,2012,60.436,
+++,prk,2013,60.569,
+++,prk,2014,60.715,
+++,prk,2015,60.875,
+++,kor,2012,82.141,
+++,kor,2013,82.249,
+++,kor,2014,82.36,
+++,kor,2015,82.474,
+++,kwt,2012,98.294,
+++,kwt,2013,98.31,
+++,kwt,2014,98.326,
+++,kwt,2015,98.342,
+++,kgz,2012,35.403,
+++,kgz,2013,35.483,
+++,kgz,2014,35.585,
+++,kgz,2015,35.707,
+++,lao,2012,35.368,
+++,lao,2013,36.469,
+++,lao,2014,37.551,
+++,lao,2015,38.614,
+++,lva,2012,67.548,
+++,lva,2013,67.476,
+++,lva,2014,67.421,
+++,lva,2015,67.382,
+++,lbn,2012,87.426,
+++,lbn,2013,87.548,
+++,lbn,2014,87.67,
+++,lbn,2015,87.792,
...,...,...,...,
+++,lso,2012,25.76,
+++,lso,2013,26.271,
+++,lso,2014,26.789,
+++,lso,2015,27.312,
->,lbr,1986,39.6->44.956,13.53
->,lbr,1987,39.93->47.567,19.13
->,lbr,1988,40.27->50.195,24.65
->,lbr,1989,40.6->52.814,30.08
->,lbr,1990,40.94->55.422,35.37
->,lbr,1991,41.27->58,40.54
->,lbr,1992,41.61->55.019,32.23
->,lbr,1993,41.95->52.009,23.98
->,lbr,1994,42.29->48.981,15.82
+++,lbr,2012,48.541,
+++,lbr,2013,48.921,
+++,lbr,2014,49.308,
+++,lbr,2015,49.701,
+++,lby,2012,77.988,
+++,lby,2013,78.17,
+++,lby,2014,78.359,
+++,lby,2015,78.554,
+++,lie,2012,14.365,
+++,lie,2013,14.33,
+++,lie,2014,14.305,
+++,lie,2015,14.289,
+++,ltu,2012,66.604,
+++,ltu,2013,66.554,
+++,ltu,2014,66.522,
+++,ltu,2015,66.508,
+++,lux,2012,89.247,
+++,lux,2013,89.568,
+++,lux,2014,89.872,
+++,lux,2015,90.16,
...,...,...,...,
+++,mac,2012,100,
+++,mac,2013,100,
+++,mac,2014,100,
+++,mac,2015,100,
+++,mkd,2012,56.959,
+++,mkd,2013,56.981,
+++,mkd,2014,57.029,
+++,mkd,2015,57.104,
+++,mdg,2012,33.196,
+++,mdg,2013,33.832,
+++,mdg,2014,34.468,
+++,mdg,2015,35.105,
+++,mwi,2012,15.798,
+++,mwi,2013,15.944,
+++,mwi,2014,16.102,
+++,mwi,2015,16.272,
+++,mys,2012,72.526,
+++,mys,2013,73.284,
+++,mys,2014,74.01,
+++,mys,2015,74.705,
+++,mdv,2012,42.303,
+++,mdv,2013,43.416,
+++,mdv,2014,44.494,
+++,mdv,2015,45.536,
+++,mli,2012,37.579,
+++,mli,2013,38.363,
+++,mli,2014,39.143,
+++,mli,2015,39.916,
+++,mlt,2012,94.991,
+++,mlt,2013,95.139,
+++,mlt,2014,95.277,
+++,mlt,2015,95.407,
+++,mhl,2012,71.891,
+++,mhl,2013,72.159,
+++,mhl,2014,72.424,
+++,mhl,2015,72.684,
->,mrt,1994,39.8->44.462,11.71
->,mrt,1995,39.83->45.254,13.62
->,mrt,1996,39.86->46.049,15.53
->,mrt,1997,39.89->46.845,17.44
->,mrt,1998,39.93->47.643,19.32
->,mrt,1999,39.96->48.442,21.23
->,mrt,2000,39.99->49.244,23.14
->,mrt,2001,40.06->50.043,24.92
->,mrt,2002,40.13->50.832,26.67
->,mrt,2003,40.21->51.61,28.35
->,mrt,2004,40.28->52.375,30.03
->,mrt,2005,40.35->53.127,31.67
->,mrt,2006,40.53->53.866,32.90
->,mrt,2007,40.7->54.592,34.13
->,mrt,2008,40.88->55.303,35.28
->,mrt,2009,41.05->56,36.42
->,mrt,2010,41.23->56.682,37.48
->,mrt,2011,41.51->57.348,38.15
+++,mrt,2012,58,
+++,mrt,2013,58.636,
+++,mrt,2014,59.255,
+++,mrt,2015,59.859,
+++,mus,2012,40.164,
+++,mus,2013,39.979,
+++,mus,2014,39.814,
+++,mus,2015,39.671,
+++,mex,2012,78.407,
+++,mex,2013,78.691,
+++,mex,2014,78.971,
+++,mex,2015,79.246,
...,...,...,...,
+++,fsm,2012,22.317,
+++,fsm,2013,22.342,
+++,fsm,2014,22.378,
+++,fsm,2015,22.424,
+++,mda,2012,44.857,
+++,mda,2013,44.879,
+++,mda,2014,44.925,
+++,mda,2015,44.995,
...,...,...,...,
+++,mco,2012,100,
+++,mco,2013,100,
+++,mco,2014,100,
+++,mco,2015,100,
+++,mng,2012,69.472,
+++,mng,2013,70.366,
+++,mng,2014,71.222,
+++,mng,2015,72.04,
...,...,...,...,
+++,mne,2012,63.457,
+++,mne,2013,63.643,
+++,mne,2014,63.832,
+++,mne,2015,64.026,
+++,mar,2012,58.697,
+++,mar,2013,59.2,
+++,mar,2014,59.699,
+++,mar,2015,60.195,
->,moz,1960,3.7->4.769,28.89
->,moz,1961,3.855->4.949,28.38
->,moz,1962,4.043->5.144,27.23
->,moz,1963,4.232->5.345,26.30
->,moz,1964,4.42->5.555,25.68
->,moz,1965,4.608->5.771,25.24
->,moz,1966,4.842->5.996,23.83
->,moz,1967,5.077->6.229,22.69
->,moz,1968,5.311->6.471,21.84
->,moz,1969,5.546->6.72,21.17
->,moz,1970,5.78->6.979,20.74
->,moz,1971,6.363->7.361,15.68
->,moz,1972,6.946->7.864,13.22
->,moz,1973,7.529->8.397,11.53
->,moz,1974,8.112->8.963,10.49
->,moz,1986,17.62->19.541,10.90
->,moz,1987,18.49->20.815,12.57
->,moz,1988,19.36->22.152,14.42
->,moz,1989,20.23->23.545,16.39
->,moz,1990,21.1->25,18.48
->,moz,1991,22.12->25.487,15.22
->,moz,1992,23.15->25.98,12.22
+++,moz,2012,31.417,
+++,moz,2013,31.669,
+++,moz,2014,31.934,
+++,moz,2015,32.214,
+++,mmr,2012,32.469,
+++,mmr,2013,33.007,
+++,mmr,2014,33.551,
+++,mmr,2015,34.098,
->,nam,2010,37.82->41.616,10.04
->,nam,2011,38.39->42.637,11.06
+++,nam,2012,43.666,
+++,nam,2013,44.679,
+++,nam,2014,45.678,
+++,nam,2015,46.66,
+++,nru,1960,100,
+++,nru,1961,100,
+++,nru,1962,100,
+++,nru,1963,100,
+++,nru,1964,100,
+++,nru,1965,100,
+++,nru,1966,100,
+++,nru,1967,100,
+++,nru,1968,100,
+++,nru,1969,100,
+++,nru,1970,100,
+++,nru,1971,100,
+++,nru,1972,100,
+++,nru,1973,100,
+++,nru,1974,100,
+++,nru,1975,100,
+++,nru,1976,100,
+++,nru,1977,100,
+++,nru,1978,100,
+++,nru,1979,100,
+++,nru,1980,100,
+++,nru,1981,100,
+++,nru,1982,100,
+++,nru,1983,100,
+++,nru,1984,100,
+++,nru,1985,100,
+++,nru,1986,100,
+++,nru,1987,100,
+++,nru,1988,100,
+++,nru,1989,100,
+++,nru,1990,100,
+++,nru,1991,100,
+++,nru,1992,100,
+++,nru,1993,100,
+++,nru,1994,100,
+++,nru,1995,100,
+++,nru,1996,100,
+++,nru,1997,100,
+++,nru,1998,100,
+++,nru,1999,100,
+++,nru,2000,100,
+++,nru,2001,100,
+++,nru,2002,100,
+++,nru,2003,100,
+++,nru,2004,100,
+++,nru,2005,100,
+++,nru,2006,100,
+++,nru,2007,100,
+++,nru,2008,100,
+++,nru,2009,100,
+++,nru,2010,100,
+++,nru,2011,100,
+++,nru,2012,100,
+++,nru,2013,100,
+++,nru,2014,100,
+++,nru,2015,100,
+++,npl,2012,17.518,
+++,npl,2013,17.877,
+++,npl,2014,18.243,
+++,npl,2015,18.615,
+++,nld,2012,88.575,
+++,nld,2013,89.271,
+++,nld,2014,89.91,
+++,nld,2015,90.496,
---,ant,1960,69.7,
+++,ncl,2012,68.509,
+++,ncl,2013,69.096,
+++,ncl,2014,69.663,
+++,ncl,2015,70.21,
+++,nzl,2012,86.2,
+++,nzl,2013,86.223,
+++,nzl,2014,86.251,
+++,nzl,2015,86.284,
+++,nic,2012,57.841,
+++,nic,2013,58.146,
+++,nic,2014,58.459,
+++,nic,2015,58.779,
+++,ner,2012,17.986,
+++,ner,2013,18.22,
+++,ner,2014,18.469,
+++,ner,2015,18.732,
->,nga,1962,17.74->15.858,10.61
->,nga,1963,18.53->16.087,13.18
->,nga,1964,19.32->16.318,15.54
->,nga,1965,20.11->16.551,17.70
->,nga,1966,20.63->16.788,18.62
->,nga,1967,21.15->17.027,19.49
->,nga,1968,21.67->17.269,20.31
->,nga,1969,22.19->17.513,21.08
->,nga,1970,22.71->17.76,21.80
->,nga,1971,23.27->18.151,22.00
->,nga,1972,23.84->18.549,22.19
->,nga,1973,24.4->18.952,22.33
->,nga,1974,24.97->19.363,22.45
->,nga,1975,25.53->19.78,22.52
->,nga,1976,26.14->20.205,22.70
->,nga,1977,26.75->20.636,22.86
->,nga,1978,27.36->21.074,22.98
->,nga,1979,27.97->21.518,23.07
->,nga,1980,28.58->21.97,23.13
->,nga,1981,29.23->22.671,22.44
->,nga,1982,29.88->23.389,21.72
->,nga,1983,30.54->24.122,21.02
->,nga,1984,31.19->24.872,20.26
->,nga,1985,31.84->25.635,19.49
->,nga,1986,32.53->26.414,18.80
->,nga,1987,33.22->27.209,18.09
->,nga,1988,33.9->28.019,17.35
->,nga,1989,34.59->28.842,16.62
->,nga,1990,35.28->29.68,15.87
->,nga,1991,35.99->30.176,16.15
->,nga,1992,36.71->30.677,16.43
->,nga,1993,37.42->31.182,16.67
->,nga,1994,38.13->31.691,16.89
->,nga,1995,38.84->32.205,17.08
->,nga,1996,39.54->32.725,17.24
->,nga,1997,40.25->33.247,17.40
->,nga,1998,40.95->33.773,17.53
->,nga,1999,41.65->34.304,17.64
->,nga,2000,42.35->34.84,17.73
->,nga,2001,43.03->35.669,17.11
->,nga,2002,43.71->36.508,16.48
->,nga,2003,44.39->37.356,15.85
->,nga,2004,45.07->38.212,15.22
->,nga,2005,45.75->39.074,14.59
->,nga,2006,46.4->39.943,13.92
->,nga,2007,47.05->40.819,13.24
->,nga,2008,47.7->41.702,12.57
->,nga,2009,48.35->42.588,11.92
->,nga,2010,49->43.48,11.27
->,nga,2011,49.62->44.362,10.60
+++,nga,2012,45.234,
+++,nga,2013,46.094,
+++,nga,2014,46.942,
+++,nga,2015,47.776,
+++,mnp,2012,89.36,
+++,mnp,2013,89.313,
+++,mnp,2014,89.272,
+++,mnp,2015,89.237,
...,...,...,...,
+++,nor,2012,79.665,
+++,nor,2013,79.939,
+++,nor,2014,80.208,
+++,nor,2015,80.473,
+++,omn,2012,76.204,
+++,omn,2013,76.699,
+++,omn,2014,77.178,
+++,omn,2015,77.641,
+++,pak,2012,37.428,
+++,pak,2013,37.86,
+++,pak,2014,38.303,
+++,pak,2015,38.758,
+++,plw,2012,85.039,
+++,plw,2013,85.776,
+++,plw,2014,86.452,
+++,plw,2015,87.071,
->,pan,2006,71.52->63.96,10.57
->,pan,2007,72.29->64.251,11.12
->,pan,2008,73.06->64.54,11.66
->,pan,2009,73.84->64.828,12.20
->,pan,2010,74.61->65.115,12.73
->,pan,2011,75.2->65.405,13.03
+++,pan,2012,65.698,
+++,pan,2013,65.994,
+++,pan,2014,66.292,
+++,pan,2015,66.592,
+++,png,2012,12.982,
+++,png,2013,12.977,
+++,png,2014,12.985,
+++,png,2015,13.005,
+++,pry,2012,58.94,
+++,pry,2013,59.174,
+++,pry,2014,59.416,
+++,pry,2015,59.666,
+++,per,2012,77.616,
+++,per,2013,77.954,
+++,per,2014,78.285,
+++,per,2015,78.609,
...,...,...,...,
+++,phl,2012,44.81,
+++,phl,2013,44.633,
+++,phl,2014,44.488,
+++,phl,2015,44.373,
+++,pol,2012,60.688,
+++,pol,2013,60.617,
+++,pol,2014,60.568,
+++,pol,2015,60.539,
+++,prt,2012,61.758,
+++,prt,2013,62.338,
+++,prt,2014,62.908,
+++,prt,2015,63.468,
->,pri,1982,67.81->75.406,11.20
->,pri,1983,68.26->78.711,15.31
->,pri,1984,68.7->81.684,18.90
->,pri,1985,69.15->84.317,21.93
->,pri,1986,69.76->86.637,24.19
->,pri,1987,70.36->88.66,26.01
->,pri,1988,70.96->90.413,27.41
->,pri,1989,71.57->91.915,28.43
->,pri,1990,72.17->92.942,28.78
->,pri,1991,75.16->93.106,23.88
->,pri,1992,78.16->93.267,19.33
->,pri,1993,81.15->93.424,15.13
->,pri,1994,84.14->93.578,11.22
+++,pri,2012,93.722,
+++,pri,2013,93.676,
+++,pri,2014,93.636,
+++,pri,2015,93.6,
+++,qat,2012,98.946,
+++,qat,2013,99.061,
+++,qat,2014,99.159,
+++,qat,2015,99.244,
+++,rou,2012,54.091,
+++,rou,2013,54.235,
+++,rou,2014,54.393,
+++,rou,2015,54.564,
+++,rus,2012,73.786,
+++,rus,2013,73.851,
+++,rus,2014,73.924,
+++,rus,2015,74.008,
->,rwa,1994,7.718->8.49,10.00
->,rwa,1995,8.294->9.837,18.60
->,rwa,1996,9.39->11.374,21.13
->,rwa,1997,10.49->12.466,18.84
->,rwa,1998,11.58->13.244,14.37
->,rwa,1999,12.68->14.064,10.91
->,rwa,2006,17.79->20.168,13.37
->,rwa,2007,18.05->21.085,16.81
->,rwa,2008,18.3->22.033,20.40
->,rwa,2009,18.56->22.988,23.86
->,rwa,2010,18.81->23.952,27.34
->,rwa,2011,19.12->24.922,30.35
+++,rwa,2012,25.894,
+++,rwa,2013,26.869,
+++,rwa,2014,27.841,
+++,rwa,2015,28.811,
...,...,...,...,
+++,wsm,2012,19.639,
+++,wsm,2013,19.44,
+++,wsm,2014,19.26,
+++,wsm,2015,19.098,
+++,smr,2012,94.123,
+++,smr,2013,94.144,
+++,smr,2014,94.166,
+++,smr,2015,94.19,
+++,stp,2012,63.265,
+++,stp,2013,63.902,
+++,stp,2014,64.511,
+++,stp,2015,65.092,
+++,sau,2012,82.51,
+++,sau,2013,82.719,
+++,sau,2014,82.926,
+++,sau,2015,83.13,
+++,sen,2012,42.781,
+++,sen,2013,43.079,
+++,sen,2014,43.393,
+++,sen,2015,43.721,
---,srb,1961,30.09,
---,srb,1962,31.12,
---,srb,1963,32.15,
---,srb,1964,33.17,
---,srb,1965,34.2,
---,srb,1966,35.31,
---,srb,1967,36.42,
---,srb,1968,37.53,
---,srb,1969,38.64,
---,srb,1970,39.74,
---,srb,1971,40.42,
---,srb,1972,41.1,
---,srb,1973,41.77,
---,srb,1974,42.45,
---,srb,1975,43.13,
---,srb,1976,43.73,
---,srb,1977,44.34,
---,srb,1978,44.94,
---,srb,1979,45.54,
---,srb,1980,46.15,
---,srb,1981,46.59,
---,srb,1982,47.02,
---,srb,1983,47.46,
---,srb,1984,47.9,
---,srb,1985,48.34,
---,srb,1986,48.75,
---,srb,1987,49.16,
---,srb,1988,49.57,
---,srb,1989,49.98,
+++,srb,2012,55.307,
+++,srb,2013,55.373,
+++,srb,2014,55.455,
+++,srb,2015,55.553,
+++,syc,2012,52.915,
+++,syc,2013,53.231,
+++,syc,2014,53.559,
+++,syc,2015,53.887,
+++,sle,2012,38.885,
+++,sle,2013,39.226,
+++,sle,2014,39.578,
+++,sle,2015,39.942,
...,...,...,...,
+++,sgp,2012,100,
+++,sgp,2013,100,
+++,sgp,2014,100,
+++,sgp,2015,100,
+++,sxm,1960,100,
+++,sxm,1961,100,
+++,sxm,1962,100,
+++,sxm,1963,100,
+++,sxm,1964,100,
+++,sxm,1965,100,
+++,sxm,1966,100,
+++,sxm,1967,100,
+++,sxm,1968,100,
+++,sxm,1969,100,
+++,sxm,1970,100,
+++,sxm,1971,100,
+++,sxm,1972,100,
+++,sxm,1973,100,
+++,sxm,1974,100,
+++,sxm,1975,100,
+++,sxm,1976,100,
+++,sxm,1977,100,
+++,sxm,1978,100,
+++,sxm,1979,100,
+++,sxm,1980,100,
+++,sxm,1981,100,
+++,sxm,1982,100,
+++,sxm,1983,100,
+++,sxm,1984,100,
+++,sxm,1985,100,
+++,sxm,1986,100,
+++,sxm,1987,100,
+++,sxm,1988,100,
+++,sxm,1989,100,
+++,sxm,1990,100,
+++,sxm,1991,100,
+++,sxm,1992,100,
+++,sxm,1993,100,
+++,sxm,1994,100,
+++,sxm,1995,100,
+++,sxm,1996,100,
+++,sxm,1997,100,
+++,sxm,1998,100,
+++,sxm,1999,100,
+++,sxm,2000,100,
+++,sxm,2001,100,
+++,sxm,2002,100,
+++,sxm,2003,100,
+++,sxm,2004,100,
+++,sxm,2005,100,
+++,sxm,2006,100,
+++,sxm,2007,100,
+++,sxm,2008,100,
+++,sxm,2009,100,
+++,sxm,2010,100,
+++,sxm,2011,100,
+++,sxm,2012,100,
+++,sxm,2013,100,
+++,sxm,2014,100,
+++,sxm,2015,100,
+++,svk,2012,54.163,
+++,svk,2013,53.945,
+++,svk,2014,53.757,
+++,svk,2015,53.598,
...,...,...,...,
+++,svn,2012,49.856,
+++,svn,2013,49.764,
+++,svn,2014,49.695,
+++,svn,2015,49.65,
+++,slb,2012,20.964,
+++,slb,2013,21.421,
+++,slb,2014,21.876,
+++,slb,2015,22.329,
+++,som,2012,38.153,
+++,som,2013,38.612,
+++,som,2014,39.078,
+++,som,2015,39.551,
+++,zaf,2012,63.272,
+++,zaf,2013,63.788,
+++,zaf,2014,64.298,
+++,zaf,2015,64.801,
+++,ssd,1960,8.748,
---,pse,1960,44,
---,pse,1961,45.01,
---,pse,1962,45.99,
---,pse,1963,46.96,
---,pse,1964,47.93,
---,pse,1965,48.9,
---,pse,1966,49.98,
---,pse,1967,51.06,
---,pse,1968,52.14,
---,pse,1969,53.22,
---,pse,1970,54.3,
---,pse,1971,55.36,
---,pse,1972,56.42,
---,pse,1973,57.48,
---,pse,1974,58.54,
---,pse,1975,59.6,
---,pse,1976,60.17,
---,pse,1977,60.74,
---,pse,1978,61.31,
---,pse,1979,61.88,
---,pse,1980,62.44,
---,pse,1981,63,
---,pse,1982,63.55,
---,pse,1983,64.1,
---,pse,1984,64.65,
---,pse,1985,65.2,
---,pse,1986,65.73,
---,pse,1987,66.27,
---,pse,1988,66.8,
---,pse,1989,67.33,
---,vir,1960,56.5,
---,vir,1961,57.84,
---,vir,1962,59.2,
---,vir,1963,60.56,
---,vir,1964,61.92,
---,vir,1965,63.28,
---,vir,1966,64.54,
---,vir,1967,65.8,
---,vir,1968,67.07,
---,vir,1969,68.33,
---,vir,1970,69.59,
---,vir,1971,70.72,
---,vir,1972,71.85,
---,vir,1973,72.98,
---,vir,1974,74.11,
---,vir,1975,75.25,
---,vir,1976,76.23,
---,vir,1977,77.21,
---,vir,1978,78.19,
---,vir,1979,79.17,
---,vir,1980,80.15,
---,vir,1981,80.97,
---,vir,1982,81.8,
---,vir,1983,82.63,
---,vir,1984,83.45,
---,vir,1985,84.28,
---,vir,1986,84.96,
---,vir,1987,85.64,
---,vir,1988,86.32,
---,vir,1989,87,
---,vir,1990,87.69,
---,vir,1991,88.24,
---,vir,1992,88.79,
---,vir,1993,89.34,
---,vir,1994,89.89,
---,vir,1995,90.44,
---,vir,1996,90.87,
---,vir,1997,91.31,
---,vir,1998,91.75,
---,vir,1999,92.19,
---,vir,2000,92.62,
---,vir,2001,92.94,
---,vir,2002,93.26,
---,vir,2003,93.57,
---,vir,2004,93.89,
---,vir,2005,94.21,
---,vir,2006,94.42,
---,vir,2007,94.64,
---,vir,2008,94.85,
---,vir,2009,95.07,
---,vir,2010,95.28,
---,vir,2011,95.43,
+++,ssd,2012,18.2,
+++,ssd,2013,18.39,
+++,ssd,2014,18.591,
+++,ssd,2015,18.804,
+++,esp,2012,78.902,
+++,esp,2013,79.129,
+++,esp,2014,79.355,
+++,esp,2015,79.579,
->,lka,1993,16.74->18.529,10.69
->,lka,1994,16.59->18.516,11.61
->,lka,1995,16.44->18.504,12.55
->,lka,1996,16.29->18.492,13.52
->,lka,1997,16.15->18.48,14.43
->,lka,1998,16->18.467,15.42
->,lka,1999,15.86->18.455,16.36
->,lka,2000,15.71->18.443,17.40
->,lka,2001,15.59->18.431,18.22
->,lka,2002,15.48->18.418,18.98
->,lka,2003,15.36->18.406,19.83
->,lka,2004,15.24->18.394,20.70
->,lka,2005,15.13->18.382,21.49
->,lka,2006,15.11->18.37,21.58
->,lka,2007,15.09->18.357,21.65
->,lka,2008,15.08->18.345,21.65
->,lka,2009,15.06->18.333,21.73
->,lka,2010,15.04->18.321,21.82
->,lka,2011,15.13->18.309,21.01
+++,lka,2012,18.297,
+++,lka,2013,18.3,
+++,lka,2014,18.32,
+++,lka,2015,18.356,
+++,kna,2012,31.844,
+++,kna,2013,31.892,
+++,kna,2014,31.96,
+++,kna,2015,32.047,
+++,lca,2012,18.45,
+++,lca,2013,18.459,
+++,lca,2014,18.477,
+++,lca,2015,18.504,
->,vct,1960,13.9->25.943,86.64
+++,vct,2012,49.495,
+++,vct,2013,49.848,
+++,vct,2014,50.2,
+++,vct,2015,50.55,
+++,sdn,2012,33.315,
+++,sdn,2013,33.46,
+++,sdn,2014,33.623,
+++,sdn,2015,33.806,
->,sur,1976,50.58->56.064,10.84
->,sur,1977,51.68->58.346,12.90
->,sur,1978,52.79->60.597,14.79
->,sur,1979,53.89->62.803,16.54
->,sur,1980,55->64.96,18.11
->,sur,1981,55.51->65.035,17.16
->,sur,1982,56.01->65.11,16.25
->,sur,1983,56.52->65.184,15.33
->,sur,1984,57.03->65.259,14.43
->,sur,1985,57.53->65.334,13.57
->,sur,1986,58.03->65.408,12.71
->,sur,1987,58.53->65.483,11.88
->,sur,1988,59.03->65.557,11.06
->,sur,1989,59.53->65.632,10.25
+++,sur,2012,66.208,
+++,sur,2013,66.14,
+++,sur,2014,66.085,
+++,sur,2015,66.043,
+++,swz,2012,21.374,
+++,swz,2013,21.337,
+++,swz,2014,21.315,
+++,swz,2015,21.308,
...,...,...,...,
+++,swe,2012,85.363,
+++,swe,2013,85.514,
+++,swe,2014,85.665,
+++,swe,2015,85.815,
+++,che,2012,73.739,
+++,che,2013,73.787,
+++,che,2014,73.844,
+++,che,2015,73.912,
+++,syr,2012,56.459,
+++,syr,2013,56.855,
+++,syr,2014,57.255,
+++,syr,2015,57.656,
+++,tjk,2012,26.568,
+++,tjk,2013,26.621,
+++,tjk,2014,26.692,
+++,tjk,2015,26.782,
+++,tza,2012,29.493,
+++,tza,2013,30.196,
+++,tza,2014,30.901,
+++,tza,2015,31.608,
...,...,...,...,
->,tha,2003,31.8->35.006,10.08
->,tha,2004,32.02->36.256,13.23
->,tha,2005,32.24->37.52,16.38
->,tha,2006,32.54->38.804,19.25
->,tha,2007,32.84->40.104,22.12
->,tha,2008,33.13->41.419,25.02
->,tha,2009,33.43->42.744,27.86
->,tha,2010,33.73->44.08,30.68
->,tha,2011,34.11->45.394,33.08
+++,tha,2012,46.682,
+++,tha,2013,47.943,
+++,tha,2014,49.174,
+++,tha,2015,50.374,
+++,tls,2012,30.832,
+++,tls,2013,31.485,
+++,tls,2014,32.131,
+++,tls,2015,32.77,
+++,tgo,2012,38.493,
+++,tgo,2013,38.979,
+++,tgo,2014,39.469,
+++,tgo,2015,39.964,
+++,ton,2012,23.498,
+++,ton,2013,23.56,
+++,ton,2014,23.632,
+++,ton,2015,23.712,
->,tto,2003,11.61->10.244,11.77
->,tto,2004,11.86->10.072,15.08
->,tto,2005,12.12->9.902,18.30
->,tto,2006,12.39->9.735,21.43
->,tto,2007,12.65->9.571,24.34
->,tto,2008,12.92->9.408,27.18
->,tto,2009,13.18->9.249,29.83
->,tto,2010,13.44->9.092,32.35
->,tto,2011,13.71->8.937,34.81
+++,tto,2012,8.795,
+++,tto,2013,8.666,
+++,tto,2014,8.55,
+++,tto,2015,8.445,
+++,tun,2012,66.274,
+++,tun,2013,66.456,
+++,tun,2014,66.645,
+++,tun,2015,66.842,
+++,tur,2012,71.834,
+++,tur,2013,72.37,
+++,tur,2014,72.891,
+++,tur,2015,73.397,
+++,tkm,2012,49.023,
+++,tkm,2013,49.35,
+++,tkm,2014,49.688,
+++,tkm,2015,50.037,
+++,tca,1960,47.679,
+++,tca,2012,91.09,
+++,tca,2013,91.482,
+++,tca,2014,91.847,
+++,tca,2015,92.186,
+++,tuv,1960,15.895,
->,tuv,2011,50.56->55.807,10.38
+++,tuv,2012,56.815,
+++,tuv,2013,57.814,
+++,tuv,2014,58.782,
+++,tuv,2015,59.717,
+++,uga,2012,15.115,
+++,uga,2013,15.437,
+++,uga,2014,15.766,
+++,uga,2015,16.101,
+++,ukr,2012,69.072,
+++,ukr,2013,69.274,
+++,ukr,2014,69.482,
+++,ukr,2015,69.695,
+++,are,2012,84.684,
+++,are,2013,84.981,
+++,are,2014,85.266,
+++,are,2015,85.541,
...,...,...,...,
+++,gbr,2012,81.834,
+++,gbr,2013,82.092,
+++,gbr,2014,82.345,
+++,gbr,2015,82.592,
+++,usa,2012,81.108,
+++,usa,2013,81.277,
+++,usa,2014,81.447,
+++,usa,2015,81.617,
+++,ury,2012,94.803,
+++,ury,2013,94.983,
+++,ury,2014,95.152,
+++,ury,2015,95.311,
+++,uzb,2012,36.182,
+++,uzb,2013,36.217,
+++,uzb,2014,36.278,
+++,uzb,2015,36.365,
+++,vut,2012,25.2,
+++,vut,2013,25.508,
+++,vut,2014,25.817,
+++,vut,2015,26.128,
+++,ven,2012,88.851,
+++,ven,2013,88.894,
+++,ven,2014,88.941,
+++,ven,2015,88.99,
+++,vnm,2012,31.668,
+++,vnm,2013,32.309,
+++,vnm,2014,32.951,
+++,vnm,2015,33.593,
+++,pse,2012,74.577,
+++,pse,2013,74.8,
+++,pse,2014,75.026,
+++,pse,2015,75.252,
+++,yem,2012,32.874,
+++,yem,2013,33.45,
+++,yem,2014,34.027,
+++,yem,2015,34.606,
+++,zmb,2012,39.587,
+++,zmb,2013,40.027,
+++,zmb,2014,40.472,
+++,zmb,2015,40.922,
->,zwe,2009,37.68->33.378,11.42
->,zwe,2010,38.13->33.196,12.94
->,zwe,2011,38.62->33.015,14.51
+++,zwe,2012,32.834,
+++,zwe,2013,32.654,
+++,zwe,2014,32.501,
+++,zwe,2015,32.376,
