@@,geo,time,improved_water_source_overall_access_percent,changes(%)
->,afg,1991,2->21.2,960.00
->,afg,1992,2->21.3,965.00
->,afg,1993,2->21.4,970.00
->,afg,1994,2->21.4,970.00
->,afg,1995,2->21.5,975.00
->,afg,1996,6->23.3,288.33
->,afg,1997,10->25,150.00
->,afg,1998,14->26.8,91.43
->,afg,1999,18->28.5,58.33
->,afg,2000,22->30.3,37.73
->,afg,2001,26->32,23.08
->,afg,2002,30->33.8,12.67
->,afg,2006,46->40.8,11.30
->,afg,2007,50->42.6,14.80
->,afg,2008,50->44.4,11.20
+++,afg,2011,49.8,
+++,afg,2012,51.6,
+++,afg,2013,53.4,
+++,afg,2014,55.2,
+++,afg,2015,55.3,
---,alb,1990,97,
---,alb,1991,97,
---,alb,1992,98,
---,alb,1993,98,
+++,alb,2011,95.5,
+++,alb,2012,95.4,
+++,alb,2013,95.2,
+++,alb,2014,95.1,
+++,alb,2015,95.1,
+++,dza,2011,85.3,
+++,dza,2012,84.9,
+++,dza,2013,84.5,
+++,dza,2014,84,
+++,dza,2015,83.6,
+++,asm,1990,93.6,
+++,asm,1991,94,
+++,asm,1992,94.4,
+++,asm,1993,94.8,
+++,asm,1994,95.3,
+++,asm,1995,95.7,
+++,asm,1996,96.1,
+++,asm,1997,96.5,
+++,asm,1998,96.9,
+++,asm,1999,97.4,
+++,asm,2000,97.8,
+++,asm,2001,98.2,
+++,asm,2002,98.6,
+++,asm,2003,99,
+++,asm,2004,99.4,
+++,asm,2005,99.9,
+++,asm,2006,100,
+++,asm,2007,100,
+++,asm,2008,100,
+++,asm,2009,100,
+++,asm,2010,100,
+++,asm,2011,100,
+++,asm,2012,100,
+++,asm,2013,100,
+++,asm,2014,100,
+++,asm,2015,100,
...,...,...,...,
+++,and,2011,100,
+++,and,2012,100,
+++,and,2013,100,
+++,and,2014,100,
+++,and,2015,100,
+++,ago,2011,47.5,
+++,ago,2012,47.8,
+++,ago,2013,48.2,
+++,ago,2014,48.6,
+++,ago,2015,49,
+++,atg,1990,97.4,
+++,atg,1991,97.5,
---,aia,1992,60,
---,aia,1993,60,
---,aia,1994,60,
---,aia,1995,60,
---,aia,1996,60,
---,aia,1997,60,
---,aia,1998,60,
---,aia,1999,60,
---,aia,2000,60,
---,aia,2001,60,
---,aia,2002,60,
---,aia,2003,60,
---,aia,2004,60,
+++,atg,2005,97.8,
+++,atg,2006,97.8,
+++,atg,2007,97.9,
+++,atg,2008,97.9,
+++,atg,2009,97.9,
+++,atg,2010,97.9,
+++,atg,2011,97.9,
+++,atg,2012,97.9,
+++,atg,2013,97.9,
+++,atg,2014,97.9,
+++,atg,2015,97.9,
+++,arg,2008,97.9,
+++,arg,2009,98.1,
+++,arg,2010,98.2,
+++,arg,2011,98.4,
+++,arg,2012,98.6,
+++,arg,2013,98.8,
+++,arg,2014,98.9,
+++,arg,2015,99.1,
+++,arm,2011,99,
+++,arm,2012,99.7,
+++,arm,2013,99.9,
+++,arm,2014,100,
+++,arm,2015,100,
+++,abw,2011,97.8,
+++,abw,2012,98.1,
+++,abw,2013,98.1,
+++,abw,2014,98.1,
+++,abw,2015,98.1,
...,...,...,...,
+++,aus,2011,100,
+++,aus,2012,100,
+++,aus,2013,100,
+++,aus,2014,100,
+++,aus,2015,100,
...,...,...,...,
+++,aut,2011,100,
+++,aut,2012,100,
+++,aut,2013,100,
+++,aut,2014,100,
+++,aut,2015,100,
+++,aze,2011,83.6,
+++,aze,2012,84.5,
+++,aze,2013,85.3,
+++,aze,2014,86.2,
+++,aze,2015,87,
---,bhs,1992,96,
+++,bhs,2005,97.3,
+++,bhs,2006,97.5,
+++,bhs,2007,97.6,
+++,bhs,2008,97.8,
+++,bhs,2009,97.9,
+++,bhs,2010,98.1,
+++,bhs,2011,98.2,
+++,bhs,2012,98.4,
+++,bhs,2013,98.4,
+++,bhs,2014,98.4,
+++,bhs,2015,98.4,
+++,bhr,1990,94.9,
+++,bhr,1991,94.9,
+++,bhr,1992,94.9,
+++,bhr,1993,94.9,
+++,bhr,1994,95.4,
+++,bhr,1995,96,
+++,bhr,1996,96.6,
+++,bhr,1997,97.1,
+++,bhr,1998,97.7,
+++,bhr,1999,98.3,
+++,bhr,2000,98.9,
+++,bhr,2001,99.4,
+++,bhr,2002,100,
+++,bhr,2003,100,
+++,bhr,2004,100,
+++,bhr,2005,100,
+++,bhr,2006,100,
+++,bhr,2007,100,
+++,bhr,2008,100,
+++,bhr,2009,100,
+++,bhr,2010,100,
+++,bhr,2011,100,
+++,bhr,2012,100,
+++,bhr,2013,100,
+++,bhr,2014,100,
+++,bhr,2015,100,
->,bgd,1990,77->68.1,11.56
->,bgd,1991,77->68.9,10.52
+++,bgd,2011,84.2,
+++,bgd,2012,84.8,
+++,bgd,2013,85.5,
+++,bgd,2014,86.2,
+++,bgd,2015,86.9,
+++,brb,2011,99.3,
+++,brb,2012,99.4,
+++,brb,2013,99.6,
+++,brb,2014,99.7,
+++,brb,2015,99.7,
+++,blr,2011,99.6,
+++,blr,2012,99.7,
+++,blr,2013,99.7,
+++,blr,2014,99.7,
+++,blr,2015,99.7,
...,...,...,...,
+++,bel,2011,100,
+++,bel,2012,100,
+++,bel,2013,100,
+++,bel,2014,100,
+++,bel,2015,100,
+++,blz,2011,98.5,
+++,blz,2012,99.3,
+++,blz,2013,99.5,
+++,blz,2014,99.5,
+++,blz,2015,99.5,
+++,ben,2011,75.3,
+++,ben,2012,76.2,
+++,ben,2013,77,
+++,ben,2014,77.8,
+++,ben,2015,77.9,
+++,btn,1990,72,
+++,btn,1991,72.2,
+++,btn,1992,72.4,
+++,btn,1993,73.9,
+++,btn,1994,75.4,
+++,btn,1995,76.9,
+++,btn,1996,78.3,
+++,btn,2011,97,
+++,btn,2012,98,
+++,btn,2013,99.1,
+++,btn,2014,100,
+++,btn,2015,100,
+++,bol,2011,87.7,
+++,bol,2012,88.5,
+++,bol,2013,89.2,
+++,bol,2014,90,
+++,bol,2015,90,
+++,bih,2011,99.4,
+++,bih,2012,99.5,
+++,bih,2013,99.7,
+++,bih,2014,99.9,
+++,bih,2015,99.9,
+++,bwa,2011,96,
+++,bwa,2012,96.1,
+++,bwa,2013,96.2,
+++,bwa,2014,96.2,
+++,bwa,2015,96.2,
+++,bra,2011,97.2,
+++,bra,2012,97.5,
+++,bra,2013,97.8,
+++,bra,2014,98.1,
+++,bra,2015,98.1,
---,vgb,1990,98,
---,vgb,1991,98,
---,vgb,1992,98,
---,vgb,1993,98,
---,vgb,1994,98,
---,vgb,2008,98,
---,vgb,2009,98,
---,vgb,2010,98,
+++,bgr,2011,99.5,
+++,bgr,2012,99.5,
+++,bgr,2013,99.5,
+++,bgr,2014,99.4,
+++,bgr,2015,99.4,
+++,bfa,2011,80,
+++,bfa,2012,81.7,
+++,bfa,2013,81.9,
+++,bfa,2014,82.1,
+++,bfa,2015,82.3,
+++,bdi,2011,75,
+++,bdi,2012,75.3,
+++,bdi,2013,75.5,
+++,bdi,2014,75.8,
+++,bdi,2015,75.9,
+++,cpv,2011,89.6,
+++,cpv,2012,90.3,
+++,cpv,2013,91,
+++,cpv,2014,91.7,
+++,cpv,2015,91.7,
->,khm,1990,31->23.4,24.52
->,khm,1991,31->23.5,24.19
->,khm,1992,32->23.5,26.56
->,khm,1993,32->25.8,19.37
->,khm,1994,32->28,12.50
->,khm,1995,34->30.3,10.88
+++,khm,2011,66.5,
+++,khm,2012,68.8,
+++,khm,2013,71.1,
+++,khm,2014,73.4,
+++,khm,2015,75.5,
+++,cmr,2011,73.1,
+++,cmr,2012,74.1,
+++,cmr,2013,75.1,
+++,cmr,2014,75.4,
+++,cmr,2015,75.6,
+++,can,2011,99.8,
+++,can,2012,99.8,
+++,can,2013,99.8,
+++,can,2014,99.8,
+++,can,2015,99.8,
+++,cym,2011,97,
+++,cym,2012,97.4,
+++,cym,2013,97.4,
+++,cym,2014,97.4,
+++,cym,2015,97.4,
+++,caf,2011,67.7,
+++,caf,2012,68.2,
+++,caf,2013,68.3,
+++,caf,2014,68.4,
+++,caf,2015,68.5,
+++,tcd,2011,50.2,
+++,tcd,2012,50.7,
+++,tcd,2013,50.8,
+++,tcd,2014,50.8,
+++,tcd,2015,50.8,
+++,chl,2011,98.5,
+++,chl,2012,98.7,
+++,chl,2013,99,
+++,chl,2014,99,
+++,chl,2015,99,
+++,chn,2011,92.3,
+++,chn,2012,93.2,
+++,chn,2013,94,
+++,chn,2014,94.8,
+++,chn,2015,95.5,
+++,col,2011,91.1,
+++,col,2012,91.2,
+++,col,2013,91.3,
+++,col,2014,91.3,
+++,col,2015,91.4,
+++,com,2011,90.1,
+++,com,2012,90.1,
+++,com,2013,90.1,
+++,com,2014,90.1,
+++,com,2015,90.1,
->,cod,2004,44->48.6,10.45
->,cod,2005,44->49,11.36
->,cod,2007,45->49.7,10.44
->,cod,2008,45->50,11.11
->,cod,2009,45->50.4,12.00
->,cod,2010,45->50.7,12.67
+++,cod,2011,51.1,
+++,cod,2012,51.4,
+++,cod,2013,51.8,
+++,cod,2014,52.1,
+++,cod,2015,52.4,
+++,cog,2011,74.8,
+++,cog,2012,75.3,
+++,cog,2013,75.8,
+++,cog,2014,76.3,
+++,cog,2015,76.5,
---,cok,1990,94,
---,cok,1991,94,
---,cok,1992,94,
---,cok,1993,94,
---,cok,1994,94,
---,cok,1995,94,
---,cok,1996,94,
---,cok,1997,94,
---,cok,1998,95,
---,cok,1999,95,
---,cok,2000,95,
---,cok,2001,95,
---,cok,2002,95,
---,cok,2003,95,
---,cok,2004,95,
---,cok,2005,95,
---,cok,2006,95,
---,cok,2007,95,
+++,cri,2011,97.3,
+++,cri,2012,97.5,
+++,cri,2013,97.6,
+++,cri,2014,97.7,
+++,cri,2015,97.8,
+++,civ,2011,80.9,
+++,civ,2012,81.2,
+++,civ,2013,81.5,
+++,civ,2014,81.8,
+++,civ,2015,81.9,
+++,hrv,2011,99.3,
+++,hrv,2012,99.4,
+++,hrv,2013,99.5,
+++,hrv,2014,99.6,
+++,hrv,2015,99.6,
---,cub,1990,82,
---,cub,1991,83,
---,cub,1992,84,
---,cub,1993,85,
+++,cub,2011,93.8,
+++,cub,2012,94.1,
+++,cub,2013,94.3,
+++,cub,2014,94.6,
+++,cub,2015,94.9,
...,...,...,...,
+++,cyp,2011,100,
+++,cyp,2012,100,
+++,cyp,2013,100,
+++,cyp,2014,100,
+++,cyp,2015,100,
+++,cze,2011,100,
+++,cze,2012,100,
+++,cze,2013,100,
+++,cze,2014,100,
+++,cze,2015,100,
...,...,...,...,
+++,dnk,2011,100,
+++,dnk,2012,100,
+++,dnk,2013,100,
+++,dnk,2014,100,
+++,dnk,2015,100,
+++,dji,2011,89.9,
+++,dji,2012,89.9,
+++,dji,2013,89.9,
+++,dji,2014,90,
+++,dji,2015,90,
+++,dom,2011,85.7,
+++,dom,2012,85.4,
+++,dom,2013,85.2,
+++,dom,2014,85,
+++,dom,2015,84.7,
->,ecu,2004,91->81.8,10.11
->,ecu,2005,92->82.3,10.54
->,ecu,2006,94->82.8,11.91
->,ecu,2007,94->83.3,11.38
->,ecu,2008,94->83.9,10.74
->,ecu,2009,94->84.4,10.21
+++,ecu,2011,85.4,
+++,ecu,2012,85.9,
+++,ecu,2013,86.4,
+++,ecu,2014,86.9,
+++,ecu,2015,86.9,
+++,egy,2011,98.6,
+++,egy,2012,98.8,
+++,egy,2013,99.1,
+++,egy,2014,99.2,
+++,egy,2015,99.4,
+++,slv,2011,90.9,
+++,slv,2012,91.6,
+++,slv,2013,92.4,
+++,slv,2014,93.1,
+++,slv,2015,93.8,
+++,gnq,2007,47.4,
+++,gnq,2008,47.4,
+++,gnq,2009,47.5,
+++,gnq,2010,47.5,
+++,gnq,2011,47.6,
+++,gnq,2012,47.7,
+++,gnq,2013,47.7,
+++,gnq,2014,47.8,
+++,gnq,2015,47.9,
->,eri,1993,43->47.4,10.23
->,eri,2004,60->53.1,11.50
->,eri,2005,60->53.7,10.50
+++,eri,2009,55.9,
+++,eri,2010,56.4,
+++,eri,2011,57,
+++,eri,2012,57.5,
+++,eri,2013,57.6,
+++,eri,2014,57.7,
+++,eri,2015,57.8,
+++,est,2011,99.5,
+++,est,2012,99.5,
+++,est,2013,99.6,
+++,est,2014,99.6,
+++,est,2015,99.6,
->,eth,1991,15->13.4,10.67
+++,eth,2011,49.7,
+++,eth,2012,51.6,
+++,eth,2013,53.5,
+++,eth,2014,55.4,
+++,eth,2015,57.3,
+++,fji,2011,95.6,
+++,fji,2012,95.6,
+++,fji,2013,95.6,
+++,fji,2014,95.7,
+++,fji,2015,95.7,
...,...,...,...,
+++,fin,2011,100,
+++,fin,2012,100,
+++,fin,2013,100,
+++,fin,2014,100,
+++,fin,2015,100,
...,...,...,...,
+++,fra,2011,100,
+++,fra,2012,100,
+++,fra,2013,100,
+++,fra,2014,100,
+++,fra,2015,100,
---,guf,1992,84,
---,guf,1993,84,
---,guf,1994,84,
---,guf,1995,84,
---,guf,1996,84,
---,guf,1997,84,
---,guf,1998,84,
---,guf,1999,84,
---,guf,2000,84,
---,guf,2001,84,
---,guf,2002,84,
---,guf,2003,84,
---,guf,2004,84,
...,...,...,...,
+++,pyf,2011,100,
+++,pyf,2012,100,
+++,pyf,2013,100,
+++,pyf,2014,100,
+++,pyf,2015,100,
+++,gab,2011,91.6,
+++,gab,2012,92.2,
+++,gab,2013,92.7,
+++,gab,2014,93.2,
+++,gab,2015,93.2,
+++,gmb,2011,89.5,
+++,gmb,2012,90.1,
+++,gmb,2013,90.1,
+++,gmb,2014,90.2,
+++,gmb,2015,90.2,
+++,geo,2011,97.6,
+++,geo,2012,98.3,
+++,geo,2013,99,
+++,geo,2014,99.6,
+++,geo,2015,100,
...,...,...,...,
+++,deu,2011,100,
+++,deu,2012,100,
+++,deu,2013,100,
+++,deu,2014,100,
+++,deu,2015,100,
+++,gha,2011,84.3,
+++,gha,2012,85.4,
+++,gha,2013,86.5,
+++,gha,2014,87.6,
+++,gha,2015,88.7,
+++,grc,2011,100,
+++,grc,2012,100,
+++,grc,2013,100,
+++,grc,2014,100,
+++,grc,2015,100,
...,...,...,...,
+++,grl,2011,100,
+++,grl,2012,100,
+++,grl,2013,100,
+++,grl,2014,100,
+++,grl,2015,100,
+++,grd,1990,96.5,
+++,grd,1991,96.5,
+++,grd,2005,96.6,
+++,grd,2006,96.6,
+++,grd,2007,96.6,
+++,grd,2008,96.6,
+++,grd,2009,96.6,
+++,grd,2010,96.6,
+++,grd,2011,96.6,
+++,grd,2012,96.6,
+++,grd,2013,96.6,
+++,grd,2014,96.6,
+++,grd,2015,96.6,
---,glp,1992,98,
---,glp,1993,98,
---,glp,1994,98,
---,glp,1995,98,
---,glp,1996,98,
---,glp,1997,98,
---,glp,1998,98,
---,glp,1999,98,
---,glp,2000,98,
---,glp,2001,98,
---,glp,2002,98,
---,glp,2003,98,
---,glp,2004,98,
+++,gum,2011,99.5,
+++,gum,2012,99.5,
+++,gum,2013,99.5,
+++,gum,2014,99.5,
+++,gum,2015,99.5,
+++,gtm,2011,91.4,
+++,gtm,2012,92,
+++,gtm,2013,92.7,
+++,gtm,2014,92.7,
+++,gtm,2015,92.8,
+++,gin,2011,73.8,
+++,gin,2012,74.8,
+++,gin,2013,75.7,
+++,gin,2014,76.7,
+++,gin,2015,76.8,
+++,gnb,2011,71.7,
+++,gnb,2012,73.6,
+++,gnb,2013,75.5,
+++,gnb,2014,77.4,
+++,gnb,2015,79.3,
+++,guy,1990,79.2,
+++,guy,1991,79.2,
+++,guy,1992,80,
+++,guy,1993,80.7,
+++,guy,2011,95.1,
+++,guy,2012,95.9,
+++,guy,2013,96.7,
+++,guy,2014,97.5,
+++,guy,2015,98.3,
->,hti,2007,67->60.2,10.15
->,hti,2008,68->59.9,11.91
->,hti,2009,68->59.6,12.35
->,hti,2010,69->59.3,14.06
+++,hti,2011,58.9,
+++,hti,2012,58.5,
+++,hti,2013,58,
+++,hti,2014,57.5,
+++,hti,2015,57.7,
+++,hnd,2011,88.7,
+++,hnd,2012,89.3,
+++,hnd,2013,90,
+++,hnd,2014,90.6,
+++,hnd,2015,91.2,
+++,hun,2011,100,
+++,hun,2012,100,
+++,hun,2013,100,
+++,hun,2014,100,
+++,hun,2015,100,
...,...,...,...,
+++,isl,2011,100,
+++,isl,2012,100,
+++,isl,2013,100,
+++,isl,2014,100,
+++,isl,2015,100,
+++,ind,2011,91.3,
+++,ind,2012,92.2,
+++,ind,2013,93.1,
+++,ind,2014,94.1,
+++,ind,2015,94.1,
+++,idn,2011,85.1,
+++,idn,2012,85.7,
+++,idn,2013,86.2,
+++,idn,2014,86.8,
+++,idn,2015,87.4,
+++,irn,2011,95.9,
+++,irn,2012,96,
+++,irn,2013,96.1,
+++,irn,2014,96.2,
+++,irn,2015,96.2,
+++,irq,2011,85.6,
+++,irq,2012,86.1,
+++,irq,2013,86.5,
+++,irq,2014,86.6,
+++,irq,2015,86.6,
+++,irl,2011,97.5,
+++,irl,2012,97.7,
+++,irl,2013,97.8,
+++,irl,2014,97.9,
+++,irl,2015,97.9,
...,...,...,...,
+++,isr,2011,100,
+++,isr,2012,100,
+++,isr,2013,100,
+++,isr,2014,100,
+++,isr,2015,100,
...,...,...,...,
+++,ita,2011,100,
+++,ita,2012,100,
+++,ita,2013,100,
+++,ita,2014,100,
+++,ita,2015,100,
+++,jam,2011,93.8,
+++,jam,2012,93.8,
+++,jam,2013,93.8,
+++,jam,2014,93.8,
+++,jam,2015,93.8,
...,...,...,...,
+++,jpn,2011,100,
+++,jpn,2012,100,
+++,jpn,2013,100,
+++,jpn,2014,100,
+++,jpn,2015,100,
+++,jor,2011,96.9,
+++,jor,2012,96.9,
+++,jor,2013,96.9,
+++,jor,2014,96.9,
+++,jor,2015,96.9,
+++,kaz,2011,93.1,
+++,kaz,2012,93.1,
+++,kaz,2013,93,
+++,kaz,2014,92.9,
+++,kaz,2015,92.9,
+++,ken,2011,60.8,
+++,ken,2012,61.6,
+++,ken,2013,62.3,
+++,ken,2014,63.1,
+++,ken,2015,63.2,
+++,kir,2007,63.5,
+++,kir,2008,64.1,
+++,kir,2009,64.8,
+++,kir,2010,65.4,
+++,kir,2011,66.1,
+++,kir,2012,66.7,
+++,kir,2013,66.8,
+++,kir,2014,66.8,
+++,kir,2015,66.9,
...,...,...,...,
+++,prk,2011,99.7,
+++,prk,2012,99.7,
+++,prk,2013,99.7,
+++,prk,2014,99.7,
+++,prk,2015,99.7,
+++,kor,2011,97.6,
+++,kor,2012,97.6,
...,...,...,...,
+++,kwt,2011,99,
+++,kwt,2012,99,
+++,kwt,2013,99,
+++,kwt,2014,99,
+++,kwt,2015,99,
+++,kgz,1990,74.7,
+++,kgz,2011,86.9,
+++,kgz,2012,87.6,
+++,kgz,2013,88.4,
+++,kgz,2014,89.2,
+++,kgz,2015,90,
+++,lao,2011,69.5,
+++,lao,2012,71.5,
+++,lao,2013,73.5,
+++,lao,2014,75.5,
+++,lao,2015,75.7,
+++,lva,2011,99,
+++,lva,2012,99.1,
+++,lva,2013,99.2,
+++,lva,2014,99.3,
+++,lva,2015,99.3,
---,lbn,1990,100,
---,lbn,1991,100,
---,lbn,1992,100,
---,lbn,1993,100,
->,lbn,1994,100->83.3,16.70
->,lbn,1995,100->83.3,16.70
->,lbn,1996,100->83.3,16.70
->,lbn,1997,100->83.3,16.70
->,lbn,1998,100->83.3,16.70
->,lbn,1999,100->84.5,15.50
->,lbn,2000,100->85.7,14.30
->,lbn,2001,100->86.9,13.10
->,lbn,2002,100->88.1,11.90
->,lbn,2003,100->89.3,10.70
+++,lbn,2011,99,
+++,lbn,2012,99,
+++,lbn,2013,99,
+++,lbn,2014,99,
+++,lbn,2015,99,
+++,lso,2011,81,
+++,lso,2012,81.2,
+++,lso,2013,81.4,
+++,lso,2014,81.6,
+++,lso,2015,81.8,
+++,lbr,2011,72,
+++,lbr,2012,72.9,
+++,lbr,2013,73.8,
+++,lbr,2014,74.7,
+++,lbr,2015,75.6,
->,lby,1990,54->71.2,31.85
->,lby,1991,54->71.2,31.85
->,lby,1992,54->71.2,31.85
->,lby,1993,54->71.2,31.85
->,lby,1994,54->71.2,31.85
->,lby,1995,54->71.2,31.85
->,lby,1996,54->71.2,31.85
->,lby,1997,54->71.2,31.85
->,lby,1998,54->71.2,31.85
->,lby,1999,54->71.2,31.85
->,lby,2000,54->71.2,31.85
->,lby,2001,54->71.2,31.85
+++,ltu,1990,87.2,
+++,ltu,1991,87.5,
+++,ltu,1992,87.9,
+++,ltu,1993,88.3,
+++,ltu,1994,88.7,
+++,ltu,1995,89.1,
+++,ltu,1996,89.5,
+++,ltu,2010,95,
+++,ltu,2011,95.4,
+++,ltu,2012,95.8,
+++,ltu,2013,96.2,
+++,ltu,2014,96.6,
+++,ltu,2015,96.6,
...,...,...,...,
+++,lux,2011,100,
+++,lux,2012,100,
+++,lux,2013,100,
+++,lux,2014,100,
+++,lux,2015,100,
+++,mkd,2011,99.4,
+++,mkd,2012,99.4,
+++,mkd,2013,99.4,
+++,mkd,2014,99.4,
+++,mkd,2015,99.4,
+++,mdg,2011,47.8,
+++,mdg,2012,48.7,
+++,mdg,2013,49.7,
+++,mdg,2014,50.6,
+++,mdg,2015,51.5,
+++,mwi,2011,82.9,
+++,mwi,2012,84.7,
+++,mwi,2013,86.5,
+++,mwi,2014,88.4,
+++,mwi,2015,90.2,
+++,mys,2011,97.7,
+++,mys,2012,97.9,
+++,mys,2013,98,
+++,mys,2014,98.2,
+++,mys,2015,98.2,
+++,mdv,2011,98.6,
+++,mdv,2012,98.6,
+++,mdv,2013,98.6,
+++,mdv,2014,98.6,
+++,mdv,2015,98.6,
+++,mli,2011,68.9,
+++,mli,2012,70.9,
+++,mli,2013,73,
+++,mli,2014,75,
+++,mli,2015,77,
...,...,...,...,
+++,mlt,2011,100,
+++,mlt,2012,100,
+++,mlt,2013,100,
+++,mlt,2014,100,
+++,mlt,2015,100,
+++,mhl,2011,94.4,
+++,mhl,2012,94.5,
+++,mhl,2013,94.6,
+++,mhl,2014,94.6,
+++,mhl,2015,94.6,
+++,mrt,2011,55.5,
+++,mrt,2012,56.7,
+++,mrt,2013,57.9,
+++,mrt,2014,57.9,
+++,mrt,2015,57.9,
+++,mus,2011,99.8,
+++,mus,2012,99.8,
+++,mus,2013,99.9,
+++,mus,2014,99.9,
+++,mus,2015,99.9,
+++,mex,2011,94.6,
+++,mex,2012,95.1,
+++,mex,2013,95.6,
+++,mex,2014,96.1,
+++,mex,2015,96.1,
+++,fsm,2007,89.5,
+++,fsm,2008,89.4,
+++,fsm,2009,89.3,
+++,fsm,2010,89.2,
+++,fsm,2011,89.1,
+++,fsm,2012,89,
+++,fsm,2013,89,
+++,fsm,2014,89,
+++,fsm,2015,89,
+++,mda,2011,87.6,
+++,mda,2012,87.9,
+++,mda,2013,88.1,
+++,mda,2014,88.4,
+++,mda,2015,88.4,
...,...,...,...,
+++,mco,2011,100,
+++,mco,2012,100,
+++,mco,2013,100,
+++,mco,2014,100,
+++,mco,2015,100,
->,mng,1999,63->55.6,11.75
->,mng,2000,65->56.3,13.38
->,mng,2001,67->57.2,14.63
->,mng,2002,69->58,15.94
->,mng,2003,71->58.8,17.18
->,mng,2004,73->59.6,18.36
->,mng,2005,75->60.2,19.73
->,mng,2006,77->60.9,20.91
->,mng,2007,80->61.5,23.12
->,mng,2008,81->62,23.46
->,mng,2009,82->62.5,23.78
->,mng,2010,82->62.9,23.29
+++,mng,2011,63.3,
+++,mng,2012,63.7,
+++,mng,2013,64,
+++,mng,2014,64.2,
+++,mng,2015,64.4,
---,mne,1990,97,
---,mne,1991,97,
---,mne,1992,98,
---,mne,1993,98,
---,mne,1994,98,
---,mne,1995,98,
---,mne,1996,98,
---,mne,1997,98,
+++,mne,2011,99.1,
+++,mne,2012,99.3,
+++,mne,2013,99.4,
+++,mne,2014,99.6,
+++,mne,2015,99.7,
---,msr,1990,100,
---,msr,1991,100,
---,msr,1992,100,
---,msr,1993,100,
---,msr,1994,100,
---,msr,1995,100,
---,msr,1996,100,
---,msr,1997,100,
---,msr,1998,100,
---,msr,1999,100,
---,msr,2000,100,
---,msr,2001,100,
---,msr,2002,100,
---,msr,2003,100,
---,msr,2004,100,
---,msr,2005,100,
---,msr,2006,100,
---,msr,2007,100,
---,msr,2008,100,
---,msr,2009,100,
---,msr,2010,100,
+++,mar,2011,84,
+++,mar,2012,84.6,
+++,mar,2013,85.1,
+++,mar,2014,85.3,
+++,mar,2015,85.4,
+++,moz,2011,49.3,
+++,moz,2012,50.1,
+++,moz,2013,50.8,
+++,moz,2014,50.9,
+++,moz,2015,51.1,
+++,mmr,2011,79.2,
+++,mmr,2012,80.3,
+++,mmr,2013,80.4,
+++,mmr,2014,80.5,
+++,mmr,2015,80.6,
+++,nam,2011,88,
+++,nam,2012,88.8,
+++,nam,2013,89.6,
+++,nam,2014,90.3,
+++,nam,2015,91,
---,nru,1990,98,
---,nru,1991,98,
---,nru,1992,98,
---,nru,1993,98,
---,nru,1994,98,
---,nru,1995,98,
+++,nru,2011,96,
+++,nru,2012,96.3,
+++,nru,2013,96.5,
+++,nru,2014,96.5,
+++,nru,2015,96.5,
->,npl,1990,76->65.9,13.29
->,npl,1991,77->67,12.99
->,npl,1992,77->68.2,11.43
->,npl,1993,78->69.3,11.15
->,npl,1994,79->70.5,10.76
->,npl,1995,80->71.6,10.50
+++,npl,2011,88,
+++,npl,2012,88.9,
+++,npl,2013,89.8,
+++,npl,2014,90.7,
+++,npl,2015,91.6,
...,...,...,...,
+++,nld,2011,100,
+++,nld,2012,100,
+++,nld,2013,100,
+++,nld,2014,100,
+++,nld,2015,100,
+++,ncl,1998,94,
+++,ncl,1999,94,
+++,ncl,2000,94,
+++,ncl,2001,94,
+++,ncl,2002,94,
+++,ncl,2003,94.5,
+++,ncl,2004,95,
+++,ncl,2005,95.5,
+++,ncl,2006,96,
+++,ncl,2007,96.5,
+++,ncl,2008,97,
+++,ncl,2009,97.5,
+++,ncl,2010,98,
+++,ncl,2011,98.5,
+++,ncl,2012,98.5,
+++,ncl,2013,98.5,
+++,ncl,2014,98.5,
+++,ncl,2015,98.5,
...,...,...,...,
+++,nzl,2011,100,
+++,nzl,2012,100,
+++,nzl,2013,100,
+++,nzl,2014,100,
+++,nzl,2015,100,
+++,nic,2011,85.6,
+++,nic,2012,86.2,
+++,nic,2013,86.8,
+++,nic,2014,86.9,
+++,nic,2015,87,
->,ner,2010,49->54,10.20
+++,ner,2011,55.1,
+++,ner,2012,56.2,
+++,ner,2013,57.3,
+++,ner,2014,58.1,
+++,ner,2015,58.2,
->,nga,1990,47->39.9,15.11
->,nga,1991,48->41.2,14.17
->,nga,1992,49->42.4,13.47
->,nga,1993,50->43.6,12.80
->,nga,1994,50->44.8,10.40
+++,nga,2011,64.5,
+++,nga,2012,65.5,
+++,nga,2013,66.6,
+++,nga,2014,67.6,
+++,nga,2015,68.5,
---,niu,1990,100,
---,niu,1991,100,
---,niu,1992,100,
---,niu,1993,100,
---,niu,1994,100,
---,niu,1995,100,
---,niu,1996,100,
---,niu,1997,100,
---,niu,1998,100,
---,niu,1999,100,
---,niu,2000,100,
---,niu,2001,100,
---,niu,2002,100,
---,niu,2003,100,
---,niu,2004,100,
---,niu,2005,100,
---,niu,2006,100,
---,niu,2007,100,
---,niu,2008,100,
---,niu,2009,100,
---,niu,2010,100,
+++,mnp,2011,97.4,
+++,mnp,2012,97.5,
+++,mnp,2013,97.5,
+++,mnp,2014,97.5,
+++,mnp,2015,97.5,
...,...,...,...,
+++,nor,2011,100,
+++,nor,2012,100,
+++,nor,2013,100,
+++,nor,2014,100,
+++,nor,2015,100,
+++,omn,2011,92.5,
+++,omn,2012,93.3,
+++,omn,2013,93.3,
+++,omn,2014,93.4,
+++,omn,2015,93.4,
+++,pak,2011,90.7,
+++,pak,2012,90.9,
+++,pak,2013,91.1,
+++,pak,2014,91.3,
+++,pak,2015,91.4,
->,plw,1990,80->90,12.50
->,plw,1991,80->90.3,12.87
->,plw,1992,80->90.6,13.25
->,plw,1993,80->90.9,13.63
->,plw,1994,80->91.2,14.00
->,plw,1995,80->91.5,14.37
->,plw,1996,81->91.6,13.09
->,plw,1997,82->91.7,11.83
->,plw,1998,82->91.9,12.07
->,plw,1999,83->92,10.84
->,plw,2000,83->92.2,11.08
->,plw,2001,84->92.7,10.36
->,plw,2002,84->93.1,10.83
->,plw,2003,84->93.5,11.31
->,plw,2004,85->93.9,10.47
->,plw,2005,85->94.3,10.94
->,plw,2006,85->94.6,11.29
->,plw,2007,86->94.8,10.23
->,plw,2008,85->94.9,11.65
->,plw,2009,85->95.1,11.88
->,plw,2010,85->95.2,12.00
+++,plw,2011,95.3,
+++,pan,2010,93.1,
+++,pan,2011,93.4,
+++,pan,2012,93.7,
+++,pan,2013,94.1,
+++,pan,2014,94.4,
+++,pan,2015,94.7,
->,png,1990,41->33.8,17.56
->,png,1991,40->33.6,16.00
->,png,1992,40->33.5,16.25
->,png,1993,40->33.4,16.50
->,png,1994,40->33.3,16.75
->,png,1995,40->33.6,16.00
->,png,1996,40->33.9,15.25
->,png,1997,40->34.2,14.50
->,png,1998,40->34.5,13.75
->,png,1999,39->34.8,10.77
+++,png,2011,39.5,
+++,png,2012,39.9,
+++,png,2013,39.9,
+++,png,2014,40,
+++,png,2015,40,
+++,pry,2011,91.9,
+++,pry,2012,93.4,
+++,pry,2013,95,
+++,pry,2014,96.6,
+++,pry,2015,98,
+++,per,2011,85,
+++,per,2012,85.5,
+++,per,2013,85.9,
+++,per,2014,86.3,
+++,per,2015,86.7,
+++,phl,2011,90.5,
+++,phl,2012,90.8,
+++,phl,2013,91.1,
+++,phl,2014,91.5,
+++,phl,2015,91.8,
+++,pol,1990,94.3,
+++,pol,1991,94.3,
+++,pol,1992,94.5,
+++,pol,1993,94.7,
+++,pol,1994,94.9,
+++,pol,1995,95,
+++,pol,1996,95.2,
+++,pol,1997,95.4,
+++,pol,1998,95.6,
+++,pol,1999,95.8,
+++,pol,2000,95.9,
+++,pol,2001,96.1,
+++,pol,2002,96.3,
+++,pol,2003,96.5,
+++,pol,2004,96.6,
+++,pol,2005,96.8,
+++,pol,2006,97,
+++,pol,2007,97.1,
+++,pol,2008,97.3,
+++,pol,2009,97.5,
+++,pol,2010,97.6,
+++,pol,2011,97.8,
+++,pol,2012,98,
+++,pol,2013,98.2,
+++,pol,2014,98.3,
+++,pol,2015,98.3,
+++,prt,2011,99.8,
+++,prt,2012,99.9,
+++,prt,2013,100,
+++,prt,2014,100,
+++,prt,2015,100,
+++,pri,1990,93.6,
+++,pri,1991,93.6,
+++,pri,1992,93.6,
+++,pri,1993,93.6,
+++,pri,1994,93.6,
+++,pri,1995,93.6,
+++,pri,1996,93.6,
+++,pri,1997,93.6,
+++,pri,1998,93.6,
+++,pri,1999,93.6,
+++,pri,2000,93.6,
+++,pri,2001,93.6,
---,qat,1990,100,
---,qat,1991,100,
...,...,...,...,
+++,qat,2011,100,
+++,qat,2012,100,
+++,qat,2013,100,
+++,qat,2014,100,
+++,qat,2015,100,
+++,rou,2009,95.8,
+++,rou,2010,96.9,
+++,rou,2011,98,
+++,rou,2012,99,
+++,rou,2013,100,
+++,rou,2014,100,
+++,rou,2015,100,
+++,rus,2011,96.5,
+++,rus,2012,96.6,
+++,rus,2013,96.8,
+++,rus,2014,96.9,
+++,rus,2015,96.9,
->,rwa,1990,66->58.5,11.36
->,rwa,1991,66->59.1,10.45
->,rwa,2010,65->73.1,12.46
+++,rwa,2011,73.7,
+++,rwa,2012,74.3,
+++,rwa,2013,74.9,
+++,rwa,2014,75.5,
+++,rwa,2015,76.1,
+++,wsm,2011,98.1,
+++,wsm,2012,98.5,
+++,wsm,2013,99,
+++,wsm,2014,99,
+++,wsm,2015,99,
+++,stp,2011,97,
+++,stp,2012,97,
+++,stp,2013,97,
+++,stp,2014,97.1,
+++,stp,2015,97.1,
+++,sau,2000,95,
+++,sau,2001,95.4,
+++,sau,2002,95.7,
+++,sau,2003,96,
+++,sau,2004,96.4,
+++,sau,2005,96.7,
+++,sau,2006,97,
+++,sau,2007,97,
+++,sau,2008,97,
+++,sau,2009,97,
+++,sau,2010,97,
+++,sau,2011,97,
+++,sau,2012,97,
+++,sau,2013,97,
+++,sau,2014,97,
+++,sau,2015,97,
+++,sen,2011,75.6,
+++,sen,2012,76.3,
+++,sen,2013,77,
+++,sen,2014,77.8,
+++,sen,2015,78.5,
+++,srb,2011,99.2,
+++,srb,2012,99.2,
+++,srb,2013,99.2,
+++,srb,2014,99.2,
+++,srb,2015,99.2,
+++,syc,1990,95.7,
+++,syc,1991,95.7,
+++,syc,1992,95.7,
+++,syc,1993,95.7,
+++,syc,1994,95.7,
+++,syc,1995,95.7,
+++,syc,1996,95.7,
+++,syc,1997,95.7,
+++,syc,1998,95.7,
+++,syc,1999,95.7,
+++,syc,2000,95.7,
+++,syc,2001,95.7,
+++,syc,2002,95.7,
+++,syc,2003,95.7,
+++,syc,2004,95.7,
+++,syc,2005,95.7,
+++,syc,2006,95.7,
+++,syc,2007,95.7,
+++,syc,2008,95.7,
+++,syc,2009,95.7,
+++,syc,2010,95.7,
+++,syc,2011,95.7,
+++,syc,2012,95.7,
+++,syc,2013,95.7,
+++,syc,2014,95.7,
+++,syc,2015,95.7,
...,...,...,...,
+++,sle,2011,58.5,
+++,sle,2012,59.5,
+++,sle,2013,60.6,
+++,sle,2014,61.6,
+++,sle,2015,62.6,
...,...,...,...,
+++,sgp,2011,100,
+++,sgp,2012,100,
+++,sgp,2013,100,
+++,sgp,2014,100,
+++,sgp,2015,100,
...,...,...,...,
+++,svk,2011,100,
+++,svk,2012,100,
+++,svk,2013,100,
+++,svk,2014,100,
+++,svk,2015,100,
+++,svn,2011,99.5,
+++,svn,2012,99.5,
+++,svn,2013,99.5,
+++,svn,2014,99.5,
+++,svn,2015,99.5,
---,slb,1993,69,
---,slb,1994,69,
---,slb,1995,69,
---,slb,1996,69,
---,slb,1997,69,
---,slb,1998,69,
---,slb,1999,69,
->,slb,2000,70->79.7,13.86
->,slb,2001,70->79.8,14.00
->,slb,2002,70->79.8,14.00
->,slb,2003,70->79.9,14.14
->,slb,2004,70->80,14.29
->,slb,2005,70->80,14.29
+++,slb,2006,80.1,
+++,slb,2007,80.2,
+++,slb,2008,80.3,
+++,slb,2009,80.3,
+++,slb,2010,80.4,
+++,slb,2011,80.5,
+++,slb,2012,80.5,
+++,slb,2013,80.6,
+++,slb,2014,80.7,
+++,slb,2015,80.8,
->,som,1993,19->21,10.53
->,som,1994,19->21,10.53
->,som,1995,19->21,10.53
->,som,1996,19->21,10.53
->,som,1997,19->21.1,11.05
->,som,2001,22->24.4,10.91
->,som,2008,28->30.9,10.36
+++,som,2011,31.7,
+++,zaf,2011,91.6,
+++,zaf,2012,92,
+++,zaf,2013,92.4,
+++,zaf,2014,92.8,
+++,zaf,2015,93.2,
+++,ssd,2011,58.6,
+++,ssd,2012,58.7,
+++,ssd,2013,58.7,
+++,ssd,2014,58.7,
+++,ssd,2015,58.7,
...,...,...,...,
+++,esp,2011,100,
+++,esp,2012,100,
+++,esp,2013,100,
+++,esp,2014,100,
+++,esp,2015,100,
+++,lka,2011,92.2,
+++,lka,2012,93.3,
+++,lka,2013,94.5,
+++,lka,2014,95.6,
+++,lka,2015,95.6,
+++,kna,2011,98.3,
+++,kna,2012,98.3,
+++,kna,2013,98.3,
+++,kna,2014,98.3,
+++,kna,2015,98.3,
+++,lca,2011,95.8,
+++,lca,2012,96,
+++,lca,2013,96.2,
+++,lca,2014,96.3,
+++,lca,2015,96.3,
+++,vct,1990,88.2,
+++,vct,1991,88.7,
+++,vct,1992,89.2,
+++,vct,1993,89.8,
+++,vct,1994,90.3,
+++,vct,1995,90.8,
+++,vct,1996,91.3,
+++,vct,1997,91.9,
+++,vct,1998,92.4,
+++,vct,1999,92.9,
+++,vct,2000,93.5,
+++,vct,2001,94,
+++,vct,2002,94.5,
+++,vct,2003,95.1,
+++,vct,2004,95.1,
+++,vct,2005,95.1,
+++,vct,2006,95.1,
+++,vct,2007,95.1,
+++,vct,2008,95.1,
+++,vct,2009,95.1,
+++,vct,2010,95.1,
+++,vct,2011,95.1,
+++,vct,2012,95.1,
+++,vct,2013,95.1,
+++,vct,2014,95.1,
+++,vct,2015,95.1,
+++,sdn,2011,55.4,
+++,sdn,2012,55.5,
+++,sdn,2013,55.5,
+++,sdn,2014,55.5,
+++,sur,2011,94.4,
+++,sur,2012,94.8,
+++,sur,2013,94.8,
+++,sur,2014,94.8,
+++,sur,2015,94.8,
+++,swz,2011,72.3,
+++,swz,2012,74.2,
+++,swz,2013,74.1,
+++,swz,2014,74.1,
+++,swz,2015,74.1,
...,...,...,...,
+++,swe,2011,100,
+++,swe,2012,100,
+++,swe,2013,100,
+++,swe,2014,100,
+++,swe,2015,100,
...,...,...,...,
+++,che,2011,100,
+++,che,2012,100,
+++,che,2013,100,
+++,che,2014,100,
+++,che,2015,100,
+++,syr,2011,89.9,
+++,syr,2012,90.1,
+++,syr,2013,90.1,
+++,syr,2014,90.1,
+++,syr,2015,90.1,
+++,tjk,2011,70.7,
+++,tjk,2012,71.7,
+++,tjk,2013,72.7,
+++,tjk,2014,73.7,
+++,tjk,2015,73.8,
+++,tza,2011,55.3,
+++,tza,2012,55.4,
+++,tza,2013,55.4,
+++,tza,2014,55.5,
+++,tza,2015,55.6,
+++,tha,2011,96.8,
+++,tha,2012,97.1,
+++,tha,2013,97.5,
+++,tha,2014,97.8,
+++,tha,2015,97.8,
+++,tls,2011,69.7,
+++,tls,2012,71.2,
+++,tls,2013,71.4,
+++,tls,2014,71.7,
+++,tls,2015,71.9,
+++,tgo,2011,60.5,
+++,tgo,2012,61.1,
+++,tgo,2013,61.8,
+++,tgo,2014,62.4,
+++,tgo,2015,63.1,
---,tkl,1990,90,
---,tkl,1991,90,
---,tkl,1992,90,
---,tkl,1993,90,
---,tkl,1994,90,
---,tkl,1995,91,
---,tkl,1996,91,
---,tkl,1997,92,
---,tkl,1998,92,
---,tkl,1999,93,
---,tkl,2000,93,
---,tkl,2001,94,
---,tkl,2002,94,
---,tkl,2003,95,
---,tkl,2004,95,
---,tkl,2005,96,
---,tkl,2006,96,
---,tkl,2007,97,
---,tkl,2008,97,
---,tkl,2009,97,
---,tkl,2010,97,
+++,ton,2011,99.3,
+++,ton,2012,99.4,
+++,ton,2013,99.5,
+++,ton,2014,99.6,
+++,ton,2015,99.6,
+++,tto,2011,95.1,
+++,tto,2012,95.1,
+++,tto,2013,95.1,
+++,tto,2014,95.1,
+++,tto,2015,95.1,
+++,tun,2010,95.8,
+++,tun,2011,96.3,
+++,tun,2012,96.9,
+++,tun,2013,97.3,
+++,tun,2014,97.7,
+++,tun,2015,97.7,
+++,tur,2011,99.1,
+++,tur,2012,99.5,
+++,tur,2013,99.8,
+++,tur,2014,100,
+++,tur,2015,100,
->,tkm,1994,83->59,28.92
->,tkm,1995,83->59,28.92
->,tkm,1996,83->59.1,28.80
->,tkm,1997,83->59.3,28.55
->,tkm,1998,83->59.4,28.43
->,tkm,1999,83->59.5,28.31
->,tkm,2000,83->59.6,28.19
->,tkm,2001,84->59.7,28.93
->,tkm,2002,84->59.9,28.69
->,tkm,2003,84->60,28.57
->,tkm,2004,84->60.1,28.45
->,tkm,2005,84->60.2,28.33
->,tkm,2006,84->60.4,28.10
---,tca,1990,100,
---,tca,1991,100,
---,tca,1992,100,
---,tca,1993,100,
---,tca,1994,100,
->,tca,1995,100->87,13.00
->,tca,1996,100->87,13.00
->,tca,1997,100->87,13.00
->,tca,1998,100->87,13.00
->,tca,1999,100->87,13.00
->,tca,2000,100->87.1,12.90
->,tca,2001,100->87.1,12.90
->,tca,2002,100->87.1,12.90
->,tca,2003,100->87.1,12.90
->,tca,2004,100->87,13.00
->,tca,2005,100->87,13.00
->,tca,2006,100->87.1,12.90
->,tca,2007,100->87.1,12.90
---,tca,2008,100,
---,tca,2009,100,
---,tca,2010,100,
+++,tuv,2011,97.7,
+++,tuv,2012,97.7,
+++,tuv,2013,97.7,
+++,tuv,2014,97.7,
+++,tuv,2015,97.7,
+++,uga,2011,74.2,
+++,uga,2012,75.8,
+++,uga,2013,77.4,
+++,uga,2014,78.9,
+++,uga,2015,79,
+++,ukr,2011,96.6,
+++,ukr,2012,96.5,
+++,ukr,2013,96.4,
+++,ukr,2014,96.3,
+++,ukr,2015,96.2,
+++,are,2011,99.6,
+++,are,2012,99.6,
+++,are,2013,99.6,
+++,are,2014,99.6,
+++,are,2015,99.6,
...,...,...,...,
+++,gbr,2011,100,
+++,gbr,2012,100,
+++,gbr,2013,100,
+++,gbr,2014,100,
+++,gbr,2015,100,
...,...,...,...,
+++,usa,2011,99.1,
+++,usa,2012,99.1,
+++,usa,2013,99.2,
+++,usa,2014,99.2,
+++,usa,2015,99.2,
+++,ury,2011,99.1,
+++,ury,2012,99.3,
+++,ury,2013,99.5,
+++,ury,2014,99.6,
+++,ury,2015,99.7,
+++,uzb,2011,87.3,
+++,uzb,2012,87.3,
+++,vut,2011,89.7,
+++,vut,2012,90.9,
+++,vut,2013,92.1,
+++,vut,2014,93.3,
+++,vut,2015,94.5,
+++,ven,2008,92.4,
+++,ven,2009,92.5,
+++,ven,2010,92.7,
+++,ven,2011,92.8,
+++,ven,2012,92.9,
+++,ven,2013,93.1,
+++,ven,2014,93.1,
+++,ven,2015,93.1,
->,vnm,1990,57->62.7,10.00
+++,vnm,2011,92.6,
+++,vnm,2012,93.8,
+++,vnm,2013,95.1,
+++,vnm,2014,96.4,
+++,vnm,2015,97.6,
->,pse,2006,87->78.2,10.11
->,pse,2007,86->76,11.63
->,pse,2008,85->73.8,13.18
->,pse,2009,85->71.7,15.65
->,pse,2010,85->69.5,18.24
+++,pse,2011,67.3,
+++,pse,2012,65.1,
+++,pse,2013,62.8,
+++,pse,2014,60.6,
+++,pse,2015,58.4,
+++,yem,2011,54.7,
+++,yem,2012,54.9,
+++,zmb,2011,62.2,
+++,zmb,2012,63,
+++,zmb,2013,63.8,
+++,zmb,2014,64.6,
+++,zmb,2015,65.4,
+++,zwe,2011,77.7,
+++,zwe,2012,77.5,
+++,zwe,2013,77.3,
+++,zwe,2014,77.1,
+++,zwe,2015,76.9,
