@@,geo,time,improved_water_source_urban_access_percent,changes(%)
->,afg,1991,6->43,616.67
->,afg,1992,6->43,616.67
->,afg,1993,6->43,616.67
->,afg,1994,6->43,616.67
->,afg,1995,6->43,616.67
->,afg,1996,12->44.8,273.33
->,afg,1997,18->46.7,159.44
->,afg,1998,24->48.5,102.08
->,afg,1999,30->50.4,68.00
->,afg,2000,36->52.2,45.00
->,afg,2001,42->54.1,28.81
->,afg,2002,48->55.9,16.46
->,afg,2006,72->63.3,12.08
->,afg,2007,78->65.2,16.41
->,afg,2008,78->67,14.10
->,afg,2009,78->68.9,11.67
+++,afg,2011,72.6,
+++,afg,2012,74.5,
+++,afg,2013,76.3,
+++,afg,2014,78.2,
+++,afg,2015,78.2,
...,...,...,...,
+++,alb,2011,96.1,
+++,alb,2012,95.7,
+++,alb,2013,95.3,
+++,alb,2014,94.9,
+++,alb,2015,94.9,
+++,dza,2011,86.7,
+++,dza,2012,86.1,
+++,dza,2013,85.5,
+++,dza,2014,84.9,
+++,dza,2015,84.3,
+++,asm,1990,93.6,
+++,asm,1991,94,
+++,asm,1992,94.4,
+++,asm,1993,94.8,
+++,asm,1994,95.3,
+++,asm,1995,95.7,
+++,asm,1996,96.1,
+++,asm,1997,96.5,
+++,asm,1998,96.9,
+++,asm,1999,97.4,
+++,asm,2000,97.8,
+++,asm,2001,98.2,
+++,asm,2002,98.6,
+++,asm,2003,99,
+++,asm,2004,99.4,
+++,asm,2005,99.9,
+++,asm,2006,100,
+++,asm,2007,100,
+++,asm,2008,100,
+++,asm,2009,100,
+++,asm,2010,100,
+++,asm,2011,100,
+++,asm,2012,100,
+++,asm,2013,100,
+++,asm,2014,100,
+++,asm,2015,100,
...,...,...,...,
+++,and,2011,100,
+++,and,2012,100,
+++,and,2013,100,
+++,and,2014,100,
+++,and,2015,100,
->,ago,1990,46->52.1,13.26
->,ago,1991,46->52.1,13.26
->,ago,1992,46->52.1,13.26
->,ago,1993,46->52.1,13.26
->,ago,1994,47->53.3,13.40
->,ago,1995,47->54.5,15.96
->,ago,1996,48->55.6,15.83
->,ago,1997,49->56.8,15.92
->,ago,1998,50->57.9,15.80
->,ago,1999,51->59.1,15.88
->,ago,2000,52->60.3,15.96
->,ago,2001,53->61.4,15.85
->,ago,2002,54->62.6,15.93
->,ago,2003,54->63.8,18.15
->,ago,2004,55->64.9,18.00
->,ago,2005,56->66.1,18.04
->,ago,2006,57->67.2,17.89
->,ago,2007,58->68.4,17.93
->,ago,2008,59->69.6,17.97
->,ago,2009,60->70.7,17.83
->,ago,2010,60->71.9,19.83
+++,ago,2011,73,
+++,ago,2012,74.2,
+++,ago,2013,75.4,
+++,ago,2014,75.4,
+++,ago,2015,75.4,
+++,atg,1990,97.4,
+++,atg,1991,97.5,
---,aia,1992,60,
---,aia,1993,60,
---,aia,1994,60,
---,aia,1995,60,
---,aia,1996,60,
---,aia,1997,60,
---,aia,1998,60,
---,aia,1999,60,
---,aia,2000,60,
---,aia,2001,60,
---,aia,2002,60,
---,aia,2003,60,
---,aia,2004,60,
+++,atg,2011,97.9,
+++,atg,2012,97.9,
+++,atg,2013,97.9,
+++,atg,2014,97.9,
+++,atg,2015,97.9,
+++,arg,2011,98.8,
+++,arg,2012,98.8,
+++,arg,2013,98.9,
+++,arg,2014,98.9,
+++,arg,2015,99,
+++,arm,2011,99.7,
+++,arm,2012,99.8,
+++,arm,2013,99.9,
+++,arm,2014,100,
+++,arm,2015,100,
+++,abw,2011,97.8,
+++,abw,2012,98.1,
+++,abw,2013,98.1,
+++,abw,2014,98.1,
+++,abw,2015,98.1,
...,...,...,...,
+++,aus,2011,100,
+++,aus,2012,100,
+++,aus,2013,100,
+++,aus,2014,100,
+++,aus,2015,100,
...,...,...,...,
+++,aut,2011,100,
+++,aut,2012,100,
+++,aut,2013,100,
+++,aut,2014,100,
+++,aut,2015,100,
+++,aze,2011,93,
+++,aze,2012,93.4,
+++,aze,2013,93.8,
+++,aze,2014,94.3,
+++,aze,2015,94.7,
---,bhs,1990,98,
---,bhs,1991,98,
---,bhs,1992,98,
+++,bhs,2011,98.2,
+++,bhs,2012,98.4,
+++,bhs,2013,98.4,
+++,bhs,2014,98.4,
+++,bhs,2015,98.4,
...,...,...,...,
+++,bhr,2011,100,
+++,bhr,2012,100,
+++,bhr,2013,100,
+++,bhr,2014,100,
+++,bhr,2015,100,
+++,bgd,2011,85.6,
+++,bgd,2012,85.9,
+++,bgd,2013,86.1,
+++,bgd,2014,86.3,
+++,bgd,2015,86.5,
+++,brb,2011,99.3,
+++,brb,2012,99.4,
+++,brb,2013,99.6,
+++,brb,2014,99.7,
+++,brb,2015,99.7,
+++,blr,2011,99.8,
+++,blr,2012,99.9,
+++,blr,2013,99.9,
+++,blr,2014,99.9,
+++,blr,2015,99.9,
...,...,...,...,
+++,bel,2011,100,
+++,bel,2012,100,
+++,bel,2013,100,
+++,bel,2014,100,
+++,bel,2015,100,
+++,blz,2011,97.9,
+++,blz,2012,98.4,
+++,blz,2013,98.9,
+++,blz,2014,98.9,
+++,blz,2015,98.9,
+++,ben,2011,83.7,
+++,ben,2012,84.2,
+++,ben,2013,84.7,
+++,ben,2014,85.2,
+++,ben,2015,85.2,
+++,btn,2011,99.6,
+++,btn,2012,99.7,
+++,btn,2013,99.9,
+++,btn,2014,100,
+++,btn,2015,100,
+++,bol,2011,95.9,
+++,bol,2012,96.2,
+++,bol,2013,96.4,
+++,bol,2014,96.7,
+++,bol,2015,96.7,
+++,bih,2011,99.6,
+++,bih,2012,99.6,
+++,bih,2013,99.7,
+++,bih,2014,99.7,
+++,bih,2015,99.7,
+++,bwa,2011,99.2,
+++,bwa,2012,99.2,
+++,bwa,2013,99.2,
+++,bwa,2014,99.2,
+++,bwa,2015,99.2,
+++,bra,2011,99.5,
+++,bra,2012,99.6,
+++,bra,2013,99.8,
+++,bra,2014,100,
+++,bra,2015,100,
---,vgb,1990,98,
---,vgb,1991,98,
---,vgb,1992,98,
---,vgb,1993,98,
---,vgb,1994,98,
---,vgb,2008,98,
---,vgb,2009,98,
---,vgb,2010,98,
...,...,...,...,
+++,bgr,2011,99.7,
+++,bgr,2012,99.6,
+++,bgr,2013,99.6,
+++,bgr,2014,99.6,
+++,bgr,2015,99.6,
...,...,...,...,
+++,bfa,2011,96.4,
+++,bfa,2012,97.5,
+++,bfa,2013,97.5,
+++,bfa,2014,97.5,
+++,bfa,2015,97.5,
->,bdi,2006,84->92.7,10.36
->,bdi,2007,83->92.5,11.45
->,bdi,2008,83->92.3,11.20
->,bdi,2009,83->92.1,10.96
->,bdi,2010,83->91.9,10.72
+++,bdi,2011,91.7,
+++,bdi,2012,91.5,
+++,bdi,2013,91.3,
+++,bdi,2014,91.1,
+++,bdi,2015,91.1,
+++,cpv,2011,91.9,
+++,cpv,2012,92.6,
+++,cpv,2013,93.3,
+++,cpv,2014,94,
+++,cpv,2015,94,
->,khm,1990,48->33.8,29.58
->,khm,1991,48->33.8,29.58
->,khm,1992,48->33.8,29.58
->,khm,1993,48->36.7,23.54
->,khm,1994,48->39.6,17.50
->,khm,1995,50->42.5,15.00
->,khm,1996,53->45.4,14.34
->,khm,1997,55->48.3,12.18
->,khm,1998,58->51.2,11.72
+++,khm,2011,89,
+++,khm,2012,91.9,
+++,khm,2013,94.8,
+++,khm,2014,97.8,
+++,khm,2015,100,
+++,cmr,2011,93.4,
+++,cmr,2012,94.1,
+++,cmr,2013,94.8,
+++,cmr,2014,94.8,
+++,cmr,2015,94.8,
...,...,...,...,
+++,can,2011,100,
+++,can,2012,100,
+++,can,2013,100,
+++,can,2014,100,
+++,can,2015,100,
+++,cym,2011,97,
+++,cym,2012,97.4,
+++,cym,2013,97.4,
+++,cym,2014,97.4,
+++,cym,2015,97.4,
+++,caf,2011,89.1,
+++,caf,2012,89.6,
+++,caf,2013,89.6,
+++,caf,2014,89.6,
+++,caf,2015,89.6,
+++,tcd,2011,70.8,
+++,tcd,2012,71.8,
+++,tcd,2013,71.8,
+++,tcd,2014,71.8,
+++,tcd,2015,71.8,
...,...,...,...,
+++,chl,2011,99.6,
+++,chl,2012,99.6,
+++,chl,2013,99.7,
+++,chl,2014,99.7,
+++,chl,2015,99.7,
+++,chn,2011,97.4,
+++,chn,2012,97.5,
+++,chn,2013,97.5,
+++,chn,2014,97.5,
+++,chn,2015,97.5,
+++,col,2011,96.9,
+++,col,2012,96.9,
+++,col,2013,96.8,
+++,col,2014,96.8,
+++,col,2015,96.8,
+++,com,2011,93,
+++,com,2012,92.9,
+++,com,2013,92.7,
+++,com,2014,92.6,
+++,com,2015,92.6,
+++,cod,2011,82.1,
+++,cod,2012,81.8,
+++,cod,2013,81.6,
+++,cod,2014,81.3,
+++,cod,2015,81.1,
+++,cog,2011,95.7,
+++,cog,2012,95.7,
+++,cog,2013,95.8,
+++,cog,2014,95.8,
+++,cog,2015,95.8,
---,cok,1990,99,
---,cok,1991,99,
---,cok,1992,99,
---,cok,1993,99,
---,cok,1994,99,
---,cok,1995,99,
---,cok,1996,99,
---,cok,1997,99,
---,cok,1998,99,
---,cok,1999,99,
---,cok,2000,99,
---,cok,2001,99,
---,cok,2002,98,
---,cok,2003,98,
---,cok,2004,98,
---,cok,2005,98,
---,cok,2006,98,
---,cok,2007,98,
---,cok,2008,98,
---,cok,2009,98,
---,cok,2010,98,
+++,cri,2011,99.5,
+++,cri,2012,99.5,
+++,cri,2013,99.6,
+++,cri,2014,99.6,
+++,cri,2015,99.6,
+++,civ,2011,92.7,
+++,civ,2012,92.8,
+++,civ,2013,93,
+++,civ,2014,93.1,
+++,civ,2015,93.1,
+++,hrv,2011,99.7,
+++,hrv,2012,99.7,
+++,hrv,2013,99.6,
+++,hrv,2014,99.6,
+++,hrv,2015,99.6,
+++,cub,2011,96,
+++,cub,2012,96.1,
+++,cub,2013,96.2,
+++,cub,2014,96.3,
+++,cub,2015,96.4,
...,...,...,...,
+++,cyp,2011,100,
+++,cyp,2012,100,
+++,cyp,2013,100,
+++,cyp,2014,100,
+++,cyp,2015,100,
+++,cze,2011,100,
+++,cze,2012,100,
+++,cze,2013,100,
+++,cze,2014,100,
+++,cze,2015,100,
...,...,...,...,
+++,dnk,2011,100,
+++,dnk,2012,100,
+++,dnk,2013,100,
+++,dnk,2014,100,
+++,dnk,2015,100,
+++,dji,2011,97.4,
+++,dji,2012,97.4,
+++,dji,2013,97.4,
+++,dji,2014,97.4,
+++,dji,2015,97.4,
+++,dma,2011,95.7,
+++,dma,2012,95.7,
+++,dma,2013,95.7,
+++,dma,2014,95.7,
+++,dma,2015,95.7,
+++,dom,2011,87.2,
+++,dom,2012,86.8,
+++,dom,2013,86.3,
+++,dom,2014,85.9,
+++,dom,2015,85.4,
+++,ecu,2011,92.2,
+++,ecu,2012,92.6,
+++,ecu,2013,93,
+++,ecu,2014,93.4,
+++,ecu,2015,93.4,
+++,egy,2011,99.8,
+++,egy,2012,99.9,
+++,egy,2013,100,
+++,egy,2014,100,
+++,egy,2015,100,
+++,slv,2011,96.4,
+++,slv,2012,96.6,
+++,slv,2013,96.9,
+++,slv,2014,97.2,
+++,slv,2015,97.5,
->,gnq,1994,66->56.7,14.09
->,gnq,1995,66->56.7,14.09
->,gnq,1996,66->56.7,14.09
->,gnq,1997,66->56.7,14.09
->,gnq,1998,66->56.7,14.09
->,gnq,1999,66->57.7,12.58
->,gnq,2000,66->58.8,10.91
+++,gnq,2007,66.2,
+++,gnq,2008,67.2,
+++,gnq,2009,68.3,
+++,gnq,2010,69.3,
+++,gnq,2011,70.4,
+++,gnq,2012,71.5,
+++,gnq,2013,72.5,
+++,gnq,2014,72.5,
+++,gnq,2015,72.5,
+++,eri,2009,71.9,
+++,eri,2010,72.3,
+++,eri,2011,72.7,
+++,eri,2012,73.2,
+++,eri,2013,73.2,
+++,eri,2014,73.2,
+++,eri,2015,73.2,
+++,est,2011,99.9,
+++,est,2012,99.9,
+++,est,2013,100,
+++,est,2014,100,
+++,est,2015,100,
+++,eth,2011,91.5,
+++,eth,2012,91.9,
+++,eth,2013,92.3,
+++,eth,2014,92.7,
+++,eth,2015,93.1,
+++,fji,2011,99.5,
+++,fji,2012,99.5,
+++,fji,2013,99.5,
+++,fji,2014,99.5,
+++,fji,2015,99.5,
...,...,...,...,
+++,fin,2011,100,
+++,fin,2012,100,
+++,fin,2013,100,
+++,fin,2014,100,
+++,fin,2015,100,
...,...,...,...,
+++,fra,2011,100,
+++,fra,2012,100,
+++,fra,2013,100,
+++,fra,2014,100,
+++,fra,2015,100,
---,guf,1992,88,
---,guf,1993,88,
---,guf,1994,88,
---,guf,1995,88,
---,guf,1996,88,
---,guf,1997,88,
---,guf,1998,88,
---,guf,1999,88,
---,guf,2000,88,
---,guf,2001,88,
---,guf,2002,88,
---,guf,2003,88,
---,guf,2004,88,
...,...,...,...,
+++,pyf,2011,100,
+++,pyf,2012,100,
+++,pyf,2013,100,
+++,pyf,2014,100,
+++,pyf,2015,100,
+++,gab,2011,96.6,
+++,gab,2012,96.8,
+++,gab,2013,97,
+++,gab,2014,97.2,
+++,gab,2015,97.2,
+++,gmb,2011,93.9,
+++,gmb,2012,94.2,
+++,gmb,2013,94.2,
+++,gmb,2014,94.2,
+++,gmb,2015,94.2,
+++,geo,2011,99.8,
+++,geo,2012,100,
+++,geo,2013,100,
+++,geo,2014,100,
+++,geo,2015,100,
...,...,...,...,
+++,deu,2011,100,
+++,deu,2012,100,
+++,deu,2013,100,
+++,deu,2014,100,
+++,deu,2015,100,
+++,gha,2011,91.3,
+++,gha,2012,91.6,
+++,gha,2013,91.9,
+++,gha,2014,92.3,
+++,gha,2015,92.6,
...,...,...,...,
+++,grc,2011,100,
+++,grc,2012,100,
+++,grc,2013,100,
+++,grc,2014,100,
+++,grc,2015,100,
...,...,...,...,
+++,grl,2011,100,
+++,grl,2012,100,
+++,grl,2013,100,
+++,grl,2014,100,
+++,grl,2015,100,
+++,grd,2011,99,
+++,grd,2012,99,
+++,grd,2013,99,
+++,grd,2014,99,
+++,grd,2015,99,
---,glp,1990,98,
---,glp,1991,98,
---,glp,1992,98,
---,glp,1993,98,
---,glp,1994,98,
---,glp,1995,98,
---,glp,1996,98,
---,glp,1997,98,
---,glp,1998,98,
---,glp,1999,98,
---,glp,2000,98,
---,glp,2001,98,
---,glp,2002,98,
---,glp,2003,98,
---,glp,2004,98,
---,glp,2005,98,
---,glp,2006,98,
---,glp,2007,98,
---,glp,2008,98,
---,glp,2009,98,
---,glp,2010,98,
+++,gum,2011,99.5,
+++,gum,2012,99.5,
+++,gum,2013,99.5,
+++,gum,2014,99.5,
+++,gum,2015,99.5,
+++,gtm,2011,97.7,
+++,gtm,2012,98,
+++,gtm,2013,98.4,
+++,gtm,2014,98.4,
+++,gtm,2015,98.4,
+++,gin,2011,91.9,
+++,gin,2012,92.2,
+++,gin,2013,92.5,
+++,gin,2014,92.7,
+++,gin,2015,92.7,
+++,gnb,2011,90.4,
+++,gnb,2012,92.5,
+++,gnb,2013,94.6,
+++,gnb,2014,96.7,
+++,gnb,2015,98.8,
+++,guy,1990,92.6,
+++,guy,1991,92.6,
+++,guy,1992,92.8,
+++,guy,1993,93.1,
+++,guy,2011,97.3,
+++,guy,2012,97.5,
+++,guy,2013,97.7,
+++,guy,2014,98,
+++,guy,2015,98.2,
->,hti,2005,85->75.6,11.06
->,hti,2006,85->74.4,12.47
->,hti,2007,85->73.2,13.88
->,hti,2008,85->72.1,15.18
->,hti,2009,85->70.9,16.59
->,hti,2010,85->69.7,18.00
+++,hti,2011,68.5,
+++,hti,2012,67.3,
+++,hti,2013,66.1,
+++,hti,2014,64.9,
+++,hti,2015,64.9,
+++,hnd,2011,96.6,
+++,hnd,2012,96.8,
+++,hnd,2013,97,
+++,hnd,2014,97.2,
+++,hnd,2015,97.4,
+++,hun,2011,100,
+++,hun,2012,100,
+++,hun,2013,100,
+++,hun,2014,100,
+++,hun,2015,100,
...,...,...,...,
+++,isl,2011,100,
+++,isl,2012,100,
+++,isl,2013,100,
+++,isl,2014,100,
+++,isl,2015,100,
+++,ind,2011,96,
+++,ind,2012,96.4,
+++,ind,2013,96.7,
+++,ind,2014,97.1,
+++,ind,2015,97.1,
+++,idn,2011,93.4,
+++,idn,2012,93.6,
+++,idn,2013,93.8,
+++,idn,2014,94,
+++,idn,2015,94.2,
+++,irn,2011,97.8,
+++,irn,2012,97.7,
+++,irn,2013,97.7,
+++,irn,2014,97.7,
+++,irn,2015,97.7,
+++,irq,2011,94,
+++,irq,2012,93.9,
+++,irq,2013,93.8,
+++,irq,2014,93.8,
+++,irq,2015,93.8,
+++,irl,2011,97.5,
+++,irl,2012,97.6,
+++,irl,2013,97.8,
+++,irl,2014,97.9,
+++,irl,2015,97.9,
...,...,...,...,
+++,isr,2011,100,
+++,isr,2012,100,
+++,isr,2013,100,
+++,isr,2014,100,
+++,isr,2015,100,
...,...,...,...,
+++,ita,2011,100,
+++,ita,2012,100,
+++,ita,2013,100,
+++,ita,2014,100,
+++,ita,2015,100,
+++,jam,2011,97.5,
+++,jam,2012,97.5,
+++,jam,2013,97.5,
+++,jam,2014,97.5,
+++,jam,2015,97.5,
...,...,...,...,
+++,jpn,2011,100,
+++,jpn,2012,100,
+++,jpn,2013,100,
+++,jpn,2014,100,
+++,jpn,2015,100,
...,...,...,...,
+++,jor,2011,97.9,
+++,jor,2012,97.9,
+++,jor,2013,97.9,
+++,jor,2014,97.8,
+++,jor,2015,97.8,
+++,kaz,2011,99.1,
+++,kaz,2012,99.2,
+++,kaz,2013,99.3,
+++,kaz,2014,99.4,
+++,kaz,2015,99.4,
+++,ken,2011,82.9,
+++,ken,2012,82.5,
+++,ken,2013,82.1,
+++,ken,2014,81.6,
+++,ken,2015,81.6,
+++,kir,2007,84.4,
+++,kir,2008,85,
+++,kir,2009,85.6,
+++,kir,2010,86.2,
+++,kir,2011,86.8,
+++,kir,2012,87.4,
+++,kir,2013,87.3,
+++,kir,2014,87.4,
+++,kir,2015,87.3,
+++,prk,2011,99.9,
+++,prk,2012,99.9,
+++,prk,2013,99.9,
+++,prk,2014,99.9,
+++,prk,2015,99.9,
...,...,...,...,
+++,kor,2011,99.7,
+++,kor,2012,99.7,
+++,kor,2013,99.7,
+++,kor,2014,99.7,
+++,kor,2015,99.7,
...,...,...,...,
+++,kwt,2011,99,
+++,kwt,2012,99,
+++,kwt,2013,99,
+++,kwt,2014,99,
+++,kwt,2015,99,
+++,kgz,2011,96.6,
+++,kgz,2012,96.6,
+++,kgz,2013,96.6,
+++,kgz,2014,96.7,
+++,kgz,2015,96.7,
+++,lao,2011,82.8,
+++,lao,2012,83.7,
+++,lao,2013,84.7,
+++,lao,2014,85.6,
+++,lao,2015,85.6,
+++,lva,2011,99.8,
+++,lva,2012,99.8,
+++,lva,2013,99.8,
+++,lva,2014,99.8,
+++,lva,2015,99.8,
---,lbn,1990,100,
---,lbn,1991,100,
---,lbn,1992,100,
---,lbn,1993,100,
->,lbn,1994,100->83.3,16.70
->,lbn,1995,100->83.3,16.70
->,lbn,1996,100->83.3,16.70
->,lbn,1997,100->83.3,16.70
->,lbn,1998,100->83.3,16.70
->,lbn,1999,100->84.5,15.50
->,lbn,2000,100->85.7,14.30
->,lbn,2001,100->86.9,13.10
->,lbn,2002,100->88.1,11.90
->,lbn,2003,100->89.3,10.70
+++,lbn,2011,99,
+++,lbn,2012,99,
+++,lbn,2013,99,
+++,lbn,2014,99,
+++,lbn,2015,99,
+++,lso,2011,94.2,
+++,lso,2012,94.3,
+++,lso,2013,94.4,
+++,lso,2014,94.5,
+++,lso,2015,94.6,
+++,lbr,2011,85.3,
+++,lbr,2012,86.2,
+++,lbr,2013,87,
+++,lbr,2014,87.8,
+++,lbr,2015,88.6,
->,lby,1990,54->72.1,33.52
->,lby,1991,54->72.1,33.52
->,lby,1992,54->72.1,33.52
->,lby,1993,54->72.1,33.52
->,lby,1994,54->72.1,33.52
->,lby,1995,54->72.1,33.52
->,lby,1996,54->72.1,33.52
->,lby,1997,54->72.1,33.52
->,lby,1998,54->72.1,33.52
->,lby,1999,54->72.1,33.52
->,lby,2000,54->72.1,33.52
->,lby,2001,54->72.1,33.52
+++,ltu,2011,99,
+++,ltu,2012,99.2,
+++,ltu,2013,99.4,
+++,ltu,2014,99.7,
+++,ltu,2015,99.7,
...,...,...,...,
+++,lux,2011,100,
+++,lux,2012,100,
+++,lux,2013,100,
+++,lux,2014,100,
+++,lux,2015,100,
+++,mkd,2011,99.8,
+++,mkd,2012,99.8,
+++,mkd,2013,99.8,
+++,mkd,2014,99.8,
+++,mkd,2015,99.8,
+++,mdg,2011,80,
+++,mdg,2012,80.4,
+++,mdg,2013,80.8,
+++,mdg,2014,81.2,
+++,mdg,2015,81.6,
+++,mwi,2011,94.9,
+++,mwi,2012,95.1,
+++,mwi,2013,95.3,
+++,mwi,2014,95.5,
+++,mwi,2015,95.7,
+++,mys,2011,99.9,
+++,mys,2012,100,
+++,mys,2013,100,
+++,mys,2014,100,
+++,mys,2015,100,
...,...,...,...,
+++,mdv,2011,99.5,
+++,mdv,2012,99.5,
+++,mdv,2013,99.5,
+++,mdv,2014,99.5,
+++,mdv,2015,99.5,
+++,mli,2011,89.6,
+++,mli,2012,91.3,
+++,mli,2013,93.1,
+++,mli,2014,94.8,
+++,mli,2015,96.5,
...,...,...,...,
+++,mlt,2011,100,
+++,mlt,2012,100,
+++,mlt,2013,100,
+++,mlt,2014,100,
+++,mlt,2015,100,
+++,mhl,2011,93.3,
+++,mhl,2012,93.4,
+++,mhl,2013,93.5,
+++,mhl,2014,93.5,
+++,mhl,2015,93.5,
---,mtq,1990,100,
---,mtq,1991,100,
---,mtq,1992,100,
---,mtq,1993,100,
---,mtq,1994,100,
---,mtq,1995,100,
---,mtq,1996,100,
---,mtq,1997,100,
---,mtq,1998,100,
---,mtq,1999,100,
---,mtq,2000,100,
---,mtq,2001,100,
---,mtq,2002,100,
---,mtq,2003,100,
---,mtq,2004,100,
---,mtq,2005,100,
---,mtq,2006,100,
---,mtq,2007,100,
---,mtq,2008,100,
---,mtq,2009,100,
---,mtq,2010,100,
+++,mrt,2011,56.4,
+++,mrt,2012,57.4,
+++,mrt,2013,58.4,
+++,mrt,2014,58.4,
+++,mrt,2015,58.4,
+++,mus,2011,99.9,
+++,mus,2012,99.9,
+++,mus,2013,99.9,
+++,mus,2014,99.9,
+++,mus,2015,99.9,
+++,mex,2011,96.4,
+++,mex,2012,96.7,
+++,mex,2013,96.9,
+++,mex,2014,97.2,
+++,mex,2015,97.2,
+++,fsm,2007,94.5,
+++,fsm,2008,94.5,
+++,fsm,2009,94.6,
+++,fsm,2010,94.7,
+++,fsm,2011,94.7,
+++,fsm,2012,94.8,
+++,fsm,2013,94.8,
+++,fsm,2014,94.8,
+++,fsm,2015,94.8,
+++,mda,2011,96.9,
+++,mda,2012,96.9,
+++,mda,2013,96.9,
+++,mda,2014,96.9,
+++,mda,2015,96.9,
...,...,...,...,
+++,mco,2011,100,
+++,mco,2012,100,
+++,mco,2013,100,
+++,mco,2014,100,
+++,mco,2015,100,
->,mng,1999,84->74.7,11.07
->,mng,2000,86->74.2,13.72
->,mng,2001,88->73.7,16.25
->,mng,2002,89->73.1,17.87
->,mng,2003,91->72.6,20.22
->,mng,2004,93->72.1,22.47
->,mng,2005,95->71.6,24.63
->,mng,2006,97->71.1,26.70
->,mng,2007,99->70.6,28.69
->,mng,2008,100->70.1,29.90
->,mng,2009,100->69.5,30.50
->,mng,2010,100->69,31.00
+++,mng,2011,68.5,
+++,mng,2012,68,
+++,mng,2013,67.5,
+++,mng,2014,67,
+++,mng,2015,66.4,
...,...,...,...,
+++,mne,2011,99.9,
+++,mne,2012,100,
+++,mne,2013,100,
+++,mne,2014,100,
+++,mne,2015,100,
---,msr,1990,100,
---,msr,1991,100,
---,msr,1992,100,
---,msr,1993,100,
---,msr,1994,100,
---,msr,1995,100,
---,msr,1996,100,
---,msr,1997,100,
---,msr,1998,100,
---,msr,1999,100,
---,msr,2000,100,
---,msr,2001,100,
---,msr,2002,100,
---,msr,2003,100,
---,msr,2004,100,
---,msr,2005,100,
---,msr,2006,100,
---,msr,2007,100,
---,msr,2008,100,
---,msr,2009,100,
---,msr,2010,100,
+++,mar,2011,98.3,
+++,mar,2012,98.5,
+++,mar,2013,98.7,
+++,mar,2014,98.7,
+++,mar,2015,98.7,
+++,moz,2011,79.7,
+++,moz,2012,80.1,
+++,moz,2013,80.6,
+++,moz,2014,80.6,
+++,moz,2015,80.6,
+++,mmr,2011,92,
+++,mmr,2012,92.7,
+++,mmr,2013,92.7,
+++,mmr,2014,92.7,
+++,mmr,2015,92.7,
+++,nam,2011,98.3,
+++,nam,2012,98.2,
+++,nam,2013,98.2,
+++,nam,2014,98.2,
+++,nam,2015,98.2,
---,nru,1990,98,
---,nru,1991,98,
---,nru,1992,98,
---,nru,1993,98,
---,nru,1994,98,
---,nru,1995,98,
+++,nru,2011,96,
+++,nru,2012,96.3,
+++,nru,2013,96.5,
+++,nru,2014,96.5,
+++,nru,2015,96.5,
+++,npl,2011,91.8,
+++,npl,2012,91.6,
+++,npl,2013,91.3,
+++,npl,2014,91.1,
+++,npl,2015,90.9,
...,...,...,...,
+++,nld,2011,100,
+++,nld,2012,100,
+++,nld,2013,100,
+++,nld,2014,100,
+++,nld,2015,100,
+++,ncl,1998,94,
+++,ncl,1999,94,
+++,ncl,2000,94,
+++,ncl,2001,94,
+++,ncl,2002,94,
+++,ncl,2003,94.5,
+++,ncl,2004,95,
+++,ncl,2005,95.5,
+++,ncl,2006,96,
+++,ncl,2007,96.5,
+++,ncl,2008,97,
+++,ncl,2009,97.5,
+++,ncl,2010,98,
+++,ncl,2011,98.5,
+++,ncl,2012,98.5,
+++,ncl,2013,98.5,
+++,ncl,2014,98.5,
+++,ncl,2015,98.5,
...,...,...,...,
+++,nzl,2011,100,
+++,nzl,2012,100,
+++,nzl,2013,100,
+++,nzl,2014,100,
+++,nzl,2015,100,
+++,nic,2011,98.5,
+++,nic,2012,98.9,
+++,nic,2013,99.3,
+++,nic,2014,99.3,
+++,nic,2015,99.3,
+++,ner,2011,96.5,
+++,ner,2012,98.2,
+++,ner,2013,99.8,
+++,ner,2014,100,
+++,ner,2015,100,
+++,nga,2011,80.1,
+++,nga,2012,80.3,
+++,nga,2013,80.5,
+++,nga,2014,80.6,
+++,nga,2015,80.8,
---,niu,1990,100,
---,niu,1991,100,
---,niu,1992,100,
---,niu,1993,100,
---,niu,1994,100,
---,niu,1995,100,
---,niu,1996,100,
---,niu,1997,100,
---,niu,1998,100,
---,niu,1999,100,
---,niu,2000,100,
---,niu,2001,100,
---,niu,2002,100,
---,niu,2003,100,
---,niu,2004,100,
---,niu,2005,100,
---,niu,2006,100,
---,niu,2007,100,
---,niu,2008,100,
---,niu,2009,100,
---,niu,2010,100,
+++,mnp,2011,97.4,
+++,mnp,2012,97.5,
+++,mnp,2013,97.5,
+++,mnp,2014,97.5,
+++,mnp,2015,97.5,
...,...,...,...,
+++,nor,2011,100,
+++,nor,2012,100,
+++,nor,2013,100,
+++,nor,2014,100,
+++,nor,2015,100,
+++,omn,2011,94.8,
+++,omn,2012,95.5,
+++,omn,2013,95.5,
+++,omn,2014,95.5,
+++,omn,2015,95.5,
+++,pak,2011,94.3,
+++,pak,2012,94.2,
+++,pak,2013,94.1,
+++,pak,2014,94,
+++,pak,2015,93.9,
->,plw,1990,73->97.7,33.84
->,plw,1991,73->97.7,33.84
->,plw,1992,73->97.6,33.70
->,plw,1993,73->97.6,33.70
->,plw,1994,74->97.5,31.76
->,plw,1995,74->97.5,31.76
->,plw,1996,75->97.5,30.00
->,plw,1997,76->97.4,28.16
->,plw,1998,76->97.4,28.16
->,plw,1999,77->97.3,26.36
->,plw,2000,78->97.3,24.74
->,plw,2001,79->97.2,23.04
->,plw,2002,79->97.2,23.04
->,plw,2003,80->97.2,21.50
->,plw,2004,81->97.1,19.88
->,plw,2005,82->97.1,18.41
->,plw,2006,82->97,18.29
->,plw,2007,83->97,16.87
->,plw,2008,83->97,16.87
->,plw,2009,83->97,16.87
->,plw,2010,83->97,16.87
+++,plw,2011,97,
+++,plw,2012,97,
+++,plw,2013,97,
+++,plw,2014,97,
+++,plw,2015,97,
+++,pan,2011,97.7,
+++,pan,2012,97.7,
+++,pan,2013,97.7,
+++,pan,2014,97.7,
+++,pan,2015,97.7,
+++,png,2011,88,
+++,png,2012,88,
+++,png,2013,88,
+++,png,2014,88,
+++,png,2015,88,
+++,pry,2011,97.8,
+++,pry,2012,98.4,
+++,pry,2013,99,
+++,pry,2014,99.7,
+++,pry,2015,100,
+++,per,2011,90.9,
+++,per,2012,91,
+++,per,2013,91.2,
+++,per,2014,91.3,
+++,per,2015,91.4,
+++,phl,2011,93.3,
+++,phl,2012,93.4,
+++,phl,2013,93.5,
+++,phl,2014,93.6,
+++,phl,2015,93.7,
+++,pol,2011,99.2,
+++,pol,2012,99.3,
+++,pol,2013,99.3,
+++,pol,2014,99.3,
+++,pol,2015,99.3,
+++,prt,2011,99.8,
+++,prt,2012,99.9,
+++,prt,2013,100,
+++,prt,2014,100,
+++,prt,2015,100,
+++,pri,1990,93.6,
+++,pri,1991,93.6,
+++,pri,1992,93.6,
+++,pri,1993,93.6,
+++,pri,1994,93.6,
+++,pri,1995,93.6,
+++,pri,1996,93.6,
+++,pri,1997,93.6,
+++,pri,1998,93.6,
+++,pri,1999,93.6,
+++,pri,2000,93.6,
+++,pri,2001,93.6,
---,qat,1990,100,
---,qat,1991,100,
...,...,...,...,
+++,qat,2011,100,
+++,qat,2012,100,
+++,qat,2013,100,
+++,qat,2014,100,
+++,qat,2015,100,
+++,rou,2011,100,
+++,rou,2012,100,
+++,rou,2013,100,
+++,rou,2014,100,
+++,rou,2015,100,
+++,rus,2011,98.8,
+++,rus,2012,98.8,
+++,rus,2013,98.9,
+++,rus,2014,98.9,
+++,rus,2015,98.9,
->,rwa,1990,95->84.8,10.74
->,rwa,2008,78->86.1,10.38
->,rwa,2009,77->86.2,11.95
->,rwa,2010,76->86.2,13.42
+++,rwa,2011,86.3,
+++,rwa,2012,86.4,
+++,rwa,2013,86.5,
+++,rwa,2014,86.5,
+++,rwa,2015,86.6,
+++,wsm,2011,97.4,
+++,wsm,2012,97.4,
+++,wsm,2013,97.5,
+++,wsm,2014,97.5,
+++,wsm,2015,97.5,
+++,stp,2011,98.9,
+++,stp,2012,98.9,
+++,stp,2013,98.9,
+++,stp,2014,98.9,
+++,stp,2015,98.9,
...,...,...,...,
+++,sau,2011,97,
+++,sau,2012,97,
+++,sau,2013,97,
+++,sau,2014,97,
+++,sau,2015,97,
+++,sen,2011,92.3,
+++,sen,2012,92.5,
+++,sen,2013,92.6,
+++,sen,2014,92.8,
+++,sen,2015,92.9,
+++,srb,2011,99.4,
+++,srb,2012,99.4,
+++,srb,2013,99.4,
+++,srb,2014,99.4,
+++,srb,2015,99.4,
+++,syc,1990,95.7,
+++,syc,1991,95.7,
+++,syc,1992,95.7,
+++,syc,1993,95.7,
+++,syc,1994,95.7,
+++,syc,1995,95.7,
->,syc,1996,84->95.7,13.93
->,syc,1997,84->95.7,13.93
->,syc,1998,84->95.7,13.93
->,syc,1999,84->95.7,13.93
->,syc,2000,84->95.7,13.93
->,syc,2001,86->95.7,11.28
+++,syc,2011,95.7,
+++,syc,2012,95.7,
+++,syc,2013,95.7,
+++,syc,2014,95.7,
+++,syc,2015,95.7,
->,sle,1990,63->69.7,10.63
+++,sle,2011,82.5,
+++,sle,2012,83.1,
+++,sle,2013,83.7,
+++,sle,2014,84.3,
+++,sle,2015,84.9,
...,...,...,...,
+++,sgp,2011,100,
+++,sgp,2012,100,
+++,sgp,2013,100,
+++,sgp,2014,100,
+++,sgp,2015,100,
...,...,...,...,
+++,svk,2011,100,
+++,svk,2012,100,
+++,svk,2013,100,
+++,svk,2014,100,
+++,svk,2015,100,
+++,svn,2011,99.7,
+++,svn,2012,99.7,
+++,svn,2013,99.7,
+++,svn,2014,99.7,
+++,svn,2015,99.7,
---,slb,1993,94,
---,slb,1994,94,
---,slb,1995,94,
---,slb,1996,94,
---,slb,1997,94,
---,slb,1998,94,
---,slb,1999,94,
+++,slb,2006,93.2,
+++,slb,2007,93.2,
+++,slb,2008,93.2,
+++,slb,2009,93.2,
+++,slb,2010,93.2,
+++,slb,2011,93.2,
+++,slb,2012,93.2,
+++,slb,2013,93.2,
+++,slb,2014,93.2,
+++,slb,2015,93.2,
->,som,1993,21->24.1,14.76
->,som,1994,21->24.1,14.76
->,som,1995,21->24.1,14.76
->,som,1996,21->24.1,14.76
->,som,1997,21->24.1,14.76
->,som,1998,25->28.6,14.40
->,som,1999,30->33.2,10.67
+++,som,2011,69.6,
+++,zaf,2011,99.3,
+++,zaf,2012,99.4,
+++,zaf,2013,99.5,
+++,zaf,2014,99.5,
+++,zaf,2015,99.6,
+++,ssd,2011,66.7,
+++,ssd,2012,66.7,
+++,ssd,2013,66.7,
+++,ssd,2014,66.7,
+++,ssd,2015,66.7,
...,...,...,...,
+++,esp,2011,100,
+++,esp,2012,100,
+++,esp,2013,100,
+++,esp,2014,100,
+++,esp,2015,100,
+++,lka,2011,97.7,
+++,lka,2012,98,
+++,lka,2013,98.3,
+++,lka,2014,98.5,
+++,lka,2015,98.5,
+++,kna,2011,98.3,
+++,kna,2012,98.3,
+++,kna,2013,98.3,
+++,kna,2014,98.3,
+++,kna,2015,98.3,
+++,lca,2011,99,
+++,lca,2012,99.2,
+++,lca,2013,99.3,
+++,lca,2014,99.5,
+++,lca,2015,99.5,
+++,vct,1990,88.2,
+++,vct,1991,88.7,
+++,vct,1992,89.2,
+++,vct,1993,89.8,
+++,vct,1994,90.3,
+++,vct,1995,90.8,
+++,vct,1996,91.4,
+++,vct,1997,91.9,
+++,vct,1998,92.4,
+++,vct,1999,92.9,
+++,vct,2000,93.5,
+++,vct,2001,94,
+++,vct,2002,94.5,
+++,vct,2003,95.1,
+++,vct,2004,95.1,
+++,vct,2005,95.1,
+++,vct,2006,95.1,
+++,vct,2007,95.1,
+++,vct,2008,95.1,
+++,vct,2009,95.1,
+++,vct,2010,95.1,
+++,vct,2011,95.1,
+++,vct,2012,95.1,
+++,vct,2013,95.1,
+++,vct,2014,95.1,
+++,vct,2015,95.1,
+++,sdn,2011,66,
+++,sdn,2012,66,
+++,sdn,2013,66,
+++,sdn,2014,66,
+++,sur,2011,98.1,
+++,sur,2012,98.1,
+++,sur,2013,98.1,
+++,sur,2014,98.1,
+++,sur,2015,98.1,
+++,swz,2011,93.2,
+++,swz,2012,93.6,
+++,swz,2013,93.6,
+++,swz,2014,93.6,
+++,swz,2015,93.6,
...,...,...,...,
+++,swe,2011,100,
+++,swe,2012,100,
+++,swe,2013,100,
+++,swe,2014,100,
+++,swe,2015,100,
...,...,...,...,
+++,che,2011,100,
+++,che,2012,100,
+++,che,2013,100,
+++,che,2014,100,
+++,che,2015,100,
+++,syr,2011,92.6,
+++,syr,2012,92.3,
+++,syr,2013,92.3,
+++,syr,2014,92.3,
+++,syr,2015,92.3,
+++,tjk,2011,92.9,
+++,tjk,2012,93,
+++,tjk,2013,93,
+++,tjk,2014,93.1,
+++,tjk,2015,93.1,
+++,tza,2011,79.5,
+++,tza,2012,78.9,
+++,tza,2013,78.4,
+++,tza,2014,77.8,
+++,tza,2015,77.2,
+++,tha,2011,97.4,
+++,tha,2012,97.5,
+++,tha,2013,97.6,
+++,tha,2014,97.6,
+++,tha,2015,97.6,
+++,tls,2011,93,
+++,tls,2012,95.2,
+++,tls,2013,95.2,
+++,tls,2014,95.2,
+++,tls,2015,95.2,
+++,tgo,2011,89.4,
+++,tgo,2012,89.9,
+++,tgo,2013,90.4,
+++,tgo,2014,90.9,
+++,tgo,2015,91.4,
+++,ton,2011,99,
+++,ton,2012,99.2,
+++,ton,2013,99.4,
+++,ton,2014,99.7,
+++,ton,2015,99.7,
+++,tto,2011,95.1,
+++,tto,2012,95.1,
+++,tto,2013,95.1,
+++,tto,2014,95.1,
+++,tto,2015,95.1,
+++,tun,2011,99.8,
+++,tun,2012,100,
+++,tun,2013,100,
+++,tun,2014,100,
+++,tun,2015,100,
+++,tur,2011,100,
+++,tur,2012,100,
+++,tur,2013,100,
+++,tur,2014,100,
+++,tur,2015,100,
---,tkm,1990,97,
---,tkm,1991,97,
---,tkm,1992,97,
---,tkm,1993,97,
---,tkm,2007,97,
---,tkm,2008,97,
---,tkm,2009,97,
---,tkm,2010,97,
---,tca,1990,100,
---,tca,1991,100,
---,tca,1992,100,
---,tca,1993,100,
---,tca,1994,100,
->,tca,1995,100->87.1,12.90
->,tca,1996,100->87.1,12.90
->,tca,1997,100->87,13.00
->,tca,1998,100->87,13.00
->,tca,1999,100->87,13.00
->,tca,2000,100->87.1,12.90
->,tca,2001,100->87.1,12.90
->,tca,2002,100->87,13.00
->,tca,2003,100->87.1,12.90
->,tca,2004,100->87,13.00
->,tca,2005,100->87,13.00
->,tca,2006,100->87,13.00
->,tca,2007,100->87,13.00
---,tca,2008,100,
---,tca,2009,100,
---,tca,2010,100,
+++,tuv,2011,98.3,
+++,tuv,2012,98.3,
+++,tuv,2013,98.3,
+++,tuv,2014,98.3,
+++,tuv,2015,98.3,
+++,uga,2011,93.3,
+++,uga,2012,94.1,
+++,uga,2013,94.8,
+++,uga,2014,95.5,
+++,uga,2015,95.5,
...,...,...,...,
+++,ukr,2011,96.7,
+++,ukr,2012,96.4,
+++,ukr,2013,96.1,
+++,ukr,2014,95.8,
+++,ukr,2015,95.5,
+++,are,2011,99.6,
+++,are,2012,99.6,
+++,are,2013,99.6,
+++,are,2014,99.6,
+++,are,2015,99.6,
...,...,...,...,
+++,gbr,2011,100,
+++,gbr,2012,100,
+++,gbr,2013,100,
+++,gbr,2014,100,
+++,gbr,2015,100,
+++,usa,2011,99.4,
+++,usa,2012,99.4,
+++,usa,2013,99.4,
+++,usa,2014,99.4,
+++,usa,2015,99.4,
+++,ury,2011,99.7,
+++,ury,2012,99.8,
+++,ury,2013,99.9,
+++,ury,2014,100,
+++,ury,2015,100,
...,...,...,...,
+++,uzb,2011,98.5,
+++,uzb,2012,98.5,
+++,uzb,2013,98.5,
+++,uzb,2014,98.5,
+++,uzb,2015,98.5,
+++,vut,2011,98.1,
+++,vut,2012,98.3,
+++,vut,2013,98.5,
+++,vut,2014,98.7,
+++,vut,2015,98.9,
+++,ven,2008,94.5,
+++,ven,2009,94.6,
+++,ven,2010,94.7,
+++,ven,2011,94.8,
+++,ven,2012,94.9,
+++,ven,2013,95,
+++,ven,2014,95,
+++,ven,2015,95,
+++,vnm,2011,97.6,
+++,vnm,2012,98,
+++,vnm,2013,98.4,
+++,vnm,2014,98.7,
+++,vnm,2015,99.1,
->,pse,2004,91->81.7,10.22
->,pse,2005,90->78.9,12.33
->,pse,2006,89->76.1,14.49
->,pse,2007,88->73.3,16.70
->,pse,2008,87->70.5,18.97
->,pse,2009,86->67.6,21.40
->,pse,2010,86->64.8,24.65
+++,pse,2011,62,
+++,pse,2012,59.2,
+++,pse,2013,56.4,
+++,pse,2014,53.6,
+++,pse,2015,50.7,
...,...,...,...,
+++,yem,2011,72,
+++,yem,2012,72,
+++,zmb,2011,86.1,
+++,zmb,2012,85.9,
+++,zmb,2013,85.8,
+++,zmb,2014,85.7,
+++,zmb,2015,85.6,
+++,zwe,2011,97.4,
+++,zwe,2012,97.3,
+++,zwe,2013,97.2,
+++,zwe,2014,97.1,
+++,zwe,2015,97,
